tier,check,mountainId,name,distanceM,current,suggested,detail
review,osm,256,三峰山,998976,"36.719528,139.018111","32.9442029,129.0779185",OSM 三峰山 ele=None node/8332532770
warn,osm,926,桜島,1343,"31.592596,130.656566","31.5805744,130.657984",OSM 桜島 ele=1117.0 node/1280125814
warn,osm,887,鹿納山,1060,"32.764593,131.483225","32.7562609,131.4887291",OSM 鹿納山 ele=1567.0 node/1740969067
warn,osm,127,秋田駒ヶ岳,951,"39.761133,140.799386","39.7530656,140.7956815",OSM 秋田駒ヶ岳 ele=None node/3578270582
warn,osm,865,九重山,871,"33.085996,131.249067","33.0822026,131.2408919",OSM 久住山 ele=1786.5 node/1691773451
warn,osm,825,横倉山,805,"33.534972,133.208278","33.535653,133.1996303",OSM 横倉山 ele=793.0 node/3920902039
warn,osm,932,稲尾岳,805,"31.129618,130.880219","31.1234594,130.8846697",OSM 稲尾岳 ele=930.0 node/1721785931
warn,osm,423,農鳥岳,707,"35.62479,138.23042","35.6211798,138.2368648",OSM 農鳥岳 ele=3025.0 node/1851346682
warn,osm,874,根子岳,591,"32.885361,131.150694","32.883948,131.1445928",OSM 根子岳 ele=1433.0 node/963259394
warn,osm,448,青葉山,556,"35.50599,135.47772","35.5051498,135.483777",OSM 青葉山 ele=693.0 node/3265266881
info,osm,734,石城山,466,"33.98762,132.03911","33.9887618,132.0342474",OSM 石城山 ele=350.0 node/4360880889
info,osm,270,奥大日岳,424,"36.59833,137.58083","36.5996657,137.5763756",OSM 奥大日岳 ele=2611.0 node/9757995459
info,osm,258,志賀山,422,"36.70028,138.51583","36.6995182,138.5111984",OSM 志賀山 ele=2035.7 node/6288314565
info,osm,644,十方山,403,"34.56505,132.14214","34.5615403,132.1432312",OSM 十方山 ele=1328.0 node/2751572705
info,osm,494,富士山,392,"35.360681,138.727351","35.3628384,138.7307677",OSM 富士山 ele=3776.2 node/714354378
info,osm,336,乗鞍岳,356,"36.106501,137.553633","36.1067649,137.5496858",OSM 乗鞍岳 ele=3026.0 node/4317246954
info,osm,116,七時雨山,306,"40.07098,141.10836","40.0692699,141.10555",OSM 七時雨山 ele=1063.0 node/3259131471
info,osm,136,五葉山,304,"39.20398,141.72914","39.2054424,141.7321268",OSM 五葉山 ele=1351.0 node/3259271861
info,osm,220,燧ヶ岳,290,"36.955131,139.285461","36.952958,139.2872596",OSM 燧ヶ岳 ele=2356.0 node/4360109215
info,osm,490,大山,289,"35.371264,133.546352","35.3711876,133.5431666",OSM 大山 ele=None node/1852017245
info,osm,122,岩手山,283,"39.852583,141.001092","39.8501526,141.0020918",OSM 岩手山 ele=2038.0 node/5214573299
info,osm,537,宝仏山,247,"35.23152,133.46836","35.2298452,133.47014",OSM 宝仏山 ele=1005.0 node/3265178551
info,osm,2,利尻山,207,"45.17861,141.24194","45.1804317,141.2413764",OSM 利尻山 ele=1721.0 node/1366603241
info,osm,616,冠山,202,"34.919167,132.502778","34.9175227,132.5018396",OSM 冠山 ele=863.0 node/3274561404
info,osm,59,イワオヌプリ,180,"42.88464,140.63849","42.8853244,140.6404877",OSM イワオヌプリ ele=1116.0 node/7811796135
info,osm,519,明神ヶ岳,178,"35.27794,139.05297","35.2794977,139.0525134",OSM 明神ヶ岳 ele=1169.0 node/9148441788
info,osm,124,大白森,158,"39.8424342,140.786801","39.8419483,140.7850635",OSM 大白森 ele=1216.0 node/8440051577
info,osm,341,北横岳,157,"36.08619,138.31942","36.0874927,138.320106",OSM 北横岳 ele=2480.0 node/2929016140
info,osm,351,笠山,153,"36.018778,139.188194","36.0184975,139.1898611",OSM 笠山 ele=837.0 node/3905950569
info,osm,880,俵山,134,"32.83843,130.96923","32.8378569,130.9704952",OSM 俵山 ele=1095.0 node/1702574758
info,osm,608,鳳来寺山,133,"34.982815,137.582983","34.9839984,137.582759",OSM 鳳来寺山 ele=695.0 node/3259303479
info,osm,817,工石山,125,"33.669078,133.506855","33.6698762,133.5058975",OSM 工石山 ele=1177.0 node/3267197634
info,osm,108,白神岳,112,"40.50444,140.01944","40.5036242,140.0186679",OSM 白神岳 ele=1232.4 node/3258247284
info,osm,217,田代山,111,"36.97417,139.47976","36.9743976,139.4785403",OSM 田代山 ele=1971.0 node/3259600537
info,osm,161,泉ヶ岳,108,"38.41194,140.70889","38.4115286,140.7100181",OSM 泉ヶ岳 ele=1175.0 node/3259286461
allowed,osm,382,鷹ノ巣山,521173,"35.82988,139.01232","35.0958204,133.3279119",OSM 鷹ノ巣山 ele=None node/5976928278 / 確認済み: 現座標のDEM 1736m が記載 1736.6m と一致。指摘は別地点への誤マッチ
allowed,osm,763,二ッ岳,342710,"33.88806,133.42278","33.1138449,129.8449844",OSM 二ッ岳 ele=None node/5364834786 / 確認済み: 現座標のDEM 1642m が記載 1647.3m と一致。指摘は別地点への誤マッチ
allowed,osm,725,烏帽子岳,276903,"34.08707,131.96945","31.8748785,130.6060967",OSM 烏帽子岳 ele=703.0 node/10745084488 / 確認済み: 現座標のDEM 696m が記載 696.6m と一致。指摘は別地点への誤マッチ
allowed,osm,399,三頭山,156562,"35.73857,139.01409","36.9644868,138.1541951",OSM 三頭山 ele=None node/8767764991 / 確認済み: 現座標のDEM 1527m が記載 1531.0m と一致。指摘は別地点への誤マッチ
allowed,osm,928,金峰山,151618,"31.46767,130.38294","32.8138785,130.6388716",OSM 金峰山 ele=665.2 node/3283340628 / 確認済み: 現座標のDEM 634m が記載 636.3m と一致。指摘は別地点への誤マッチ
allowed,osm,838,虚空蔵山,126263,"33.459097,133.305475","34.4854671,132.7197398",OSM 虚空蔵山 ele=666.1 node/2835105209 / 確認済み: 現座標のDEM 674m が記載 674.9m と一致。指摘は別地点への誤マッチ
allowed,osm,814,陣ヶ森,59536,"33.69054722,133.4247417","33.9888358,132.8894271",OSM 陣が森 ele=None node/3259229768 / 確認済み: 現座標のDEM 1014m が記載 1013.3m と一致。指摘は別地点への誤マッチ
allowed,osm,861,黒岳,33292,"33.10594,131.29294","32.8081288,131.3297215",OSM 黒岳 ele=1578.0 node/1692829666 / 確認済み: 現座標のDEM 1587m が記載 1587.0m と一致。指摘は別地点への誤マッチ
allowed,wiki:日本百名山,182,吾妻山,8419,"37.73806,140.14056","37.7117,140.2303",Wikipediaの表記「吾妻山」 / 確認済み: 現座標のDEM 2033m が記載 2035.0m と一致。指摘は別地点への誤マッチ
allowed,wiki:日本百名山,457,丹沢山,2536,"35.47436,139.16269","35.4864,139.1389",Wikipediaの表記「丹沢山」 / 確認済み: 現座標のDEM 1567m が記載 1567.0m と一致。指摘は別地点への誤マッチ
allowed,wiki:日本三百名山,588,吾妻山,1750,"35.068278,133.033083","35.07,133.0522",Wikipediaの表記「吾妻山」 / 確認済み: 現座標のDEM 1238m が記載 1238.0m と一致。Wikipediaの三百名山リストの座標が1.75km離れた地点を指している
allowed,osm,275,赤城山,1508,"36.56083,139.19361","36.5552373,139.1782291",OSM 赤城山 ele=None node/2596204497 / 確認済み: 現座標のDEM 1816m が記載 1828.0m と一致。指摘は別地点への誤マッチ
allowed,osm,539,愛鷹山,1499,"35.2381,138.7939","35.2269669,138.8032061",OSM 愛鷹山 ele=None node/5385452247 / 確認済み: 現座標のDEM 1502m が記載 1504.0m と一致。指摘は別地点への誤マッチ
allowed,osm,266,袈裟丸山,1265,"36.6494,139.3272","36.6380837,139.3286962",OSM 袈裟丸山 ele=1961.0 node/3260851389 / 確認済み: 現座標のDEM 1951m が記載 1961.0m と一致。指摘は別地点への誤マッチ
allowed,osm,693,白滝山,408,"34.303028,131.023278","34.3062886,131.0212379",OSM 白滝山 ele=668.0 node/4685243571 / 確認済み: 現座標のDEM 662m が記載 667.6m と一致。指摘は別地点への誤マッチ
allowed,osm,63,羊蹄山,381,"42.82667,140.81139","42.8269572,140.8067401",OSM 羊蹄山 ele=1898.0 node/204683948 / 確認済み: 現座標のDEM 1891m が記載 1898.0m と一致。指摘は別地点への誤マッチ
allowed,osm,139,鳥海山,127,"39.09936,140.04889","39.0992494,140.0503497",OSM 鳥海山 ele=2236.0 node/1344157430 / 確認済み: 現座標のDEM 2224m が記載 2236.0m と一致。指摘は別地点への誤マッチ
allowed,osm,907,上福根山,107,"32.47333,130.94694","32.4727973,130.9478923",OSM 上福根山 ele=1645.6 node/1759388080 / 確認済み: 現座標のDEM 1640m が記載 1645.3m と一致。指摘は別地点への誤マッチ
