verdict,mountainId,name,elevation,currentDem,localMaxDem,localMaxAt,localMaxDistM,osmPeak
move,887,鹿納山,1567.0,1540.9,1566.5,"32.764593,131.483225",1061,鹿納山 ele=1567.0 (5m)
move,192,志津倉山,1234.0,1190.2,1226.4,"37.368024,139.628585",1046,
move,698,洲藻白岳,519.0,464.3,508.5,"34.258367,129.246022",827,
move,835,野根山街道,1083.0,1053.7,1085.1,"33.476262,134.130568",801,
move,498,三国山,1251.9,1214.9,1244.2,"35.344649,134.014994",644,三国山 ele=1213.0 (26m)
move,328,荒船山,1423.0,1337.2,1421.4,"36.204136,138.637142",575,
move,220,燧ヶ岳,2356.0,2278.7,2351.4,"36.955131,139.285461",290,燧ヶ岳 ele=2356.0 (0m)
move,490,大山,1729.0,1663.7,1728.3,"35.37119,133.546255",280,大山 ele=None (0m)
move,676,金剛山,1125.0,1077.8,1123.4,"34.419041,135.672462",257,
move,590,比叡山,848.1,800.4,843.2,"35.065942,135.834694",243,
move,888,二ツ岳,1257.1,1233.2,1265.4,"32.754361,131.402067",205,二つ岳 ele=None (66m)
move,817,工石山,1177.0,1144.2,1175.1,"33.669078,133.506855",126,工石山 ele=1177.0 (58m)
move,614,荒戸山,761.8,718.5,761.0,"34.93313,133.372473",80,荒戸山 ele=761.8 (81m)
move,664,寂地山,1337.0,1311.9,1333.5,"34.46667,132.054688",80,寂地山 ele=1337.0 (132m)
move,745,津志嶽,1493.5,1468.2,1491.4,"33.931456,134.02894",80,
move,896,祇園山,1307.1,1218.7,1297.9,"32.637496,131.18451",80,
check,469,船上山,615.4,686.0,910.9,"35.417474,133.581247",1517,
check,521,三ヶ上,1062.0,1034.2,1113.9,"35.263038,133.958703",1277,三ヶ上 ele=1034.9 (1m)
check,54,神威岳,983.0,943.0,1106.4,"43.01207,141.18443",1252,神威岳 ele=983.0 (41m)
check,762,五大尊岳,825.0,776.3,920.8,"33.900826,135.80295",1207,
check,825,横倉山,800.0,767.4,940.2,"33.531461,133.192974",1040,
check,775,一ノ森,1879.6,1831.2,1914.5,"33.854334,134.099603",1002,
check,874,根子岳,1433.0,1340.5,1389.9,"32.882141,131.140311",447,根子岳 ele=1433.0 (0m)
elevation,320,三方岩岳,1736.0,1708.6,1725.0,"36.254185,136.84489",525,三方岩岳 ele=1736.0 (79m)
elevation,329,鹿岳,1015.0,982.8,985.9,"36.206229,138.724704",234,
elevation,871,鞍岳,1118.6,1096.4,1104.0,"32.953107,130.934026",234,鞍岳（女岳） ele=1090.0 (53m)
elevation,388,黒川鶏冠山,1716.0,1694.3,1704.5,"35.788093,138.837538",227,鶏冠山 ele=1716.0 (0m)
elevation,816,千本山,1084.4,1060.6,1078.0,"33.673846,134.09655",80,千本山 ele=1084.5 (48m)
elevation,662,安蔵寺山,1263.2,1241.4,1260.4,"34.477418,131.967106",57,安蔵寺山 ele=1263.0 (83m)
elevation,96,駒ヶ岳,1131.0,1101.3,1121.8,"42.063028,140.67722",40,駒ヶ岳 ele=1131.0 (13m)
elevation,799,堂ヶ森,1689.0,1651.2,1687.4,"33.755858,133.06692",40,堂ヶ森 ele=1689.4 (29m)
elevation,865,九重山,1791.0,1769.5,1781.9,"33.08583,131.249319",40,中岳 ele=1791.0 (25m)
elevation,877,大障子,1451.0,1414.7,1445.8,"32.84788,131.387508",40,大障子岩 ele=1451.0 (21m)
elevation,886,雲仙岳,1359.0,1459.3,1461.6,"32.76139,130.298463",40,平成新山 ele=1483.0 (4m)
elevation,905,扇山,1661.3,1630.4,1659.4,"32.517018,131.12755",40,扇山 ele=1661.7 (50m)
elevation,932,稲尾岳,959.0,930.2,930.7,"31.12352,130.88511",40,稲尾岳 ele=930.0 (7m)
elevation,433,古城山,407.48,436.5,436.5,"35.558477,136.931661",0,古城山 ele=437.0 (4m)
elevation,642,矢頭山,664.87,723.6,723.6,"34.574082,136.37006",0,
elevation,682,桧塚,1402.1,1422.9,1422.9,"34.36396,136.11192",0,
elevation,893,八郎岳,590.0,562.2,562.2,"32.66584,129.86036",0,小八郎岳 ele=564.0 (6m)
