verdict,mountainId,name,elevation,current,currentDem,currentRate,suggested,suggestedDem,suggestedRate,detail
false-positive,63,羊蹄山,1898.0,"42.82667,140.81139",1891.3,on,"42.8269572,140.8067401",1702.3,off,osm OSM 羊蹄山 ele=1898.0 node/204683948 / 確認済み: 現座標のDEM 1891m が記載 1898.0m と一致。指摘は別地点への誤マッチ
false-positive,122,岩手山,2038.0,"39.852583,141.001092",2035.5,on,"39.8501526,141.0020918",1913.4,off,osm OSM 岩手山 ele=2038.0 node/5214573299
false-positive,127,秋田駒ヶ岳,1637.0,"39.761133,140.799386",1636.1,on,"39.7530656,140.7956815",1484.8,off,osm OSM 秋田駒ヶ岳 ele=None node/3578270582
false-positive,139,鳥海山,2236.0,"39.09936,140.04889",2223.5,on,"39.0992494,140.0503497",2166.3,gray,osm OSM 鳥海山 ele=2236.0 node/1344157430 / 確認済み: 現座標のDEM 2224m が記載 2236.0m と一致。指摘は別地点への誤マッチ
false-positive,182,吾妻山,2035.0,"37.73806,140.14056",2032.9,on,"37.7117,140.2303",1974.6,gray,wiki:日本百名山 Wikipediaの表記「吾妻山」 / 確認済み: 現座標のDEM 2033m が記載 2035.0m と一致。指摘は別地点への誤マッチ
false-positive,220,燧ヶ岳,2356.0,"36.955131,139.285461",2351.4,on,"36.952958,139.2872596",2278.7,gray,osm OSM 燧ヶ岳 ele=2356.0 node/4360109215
false-positive,256,三峰山,1122.0,"36.719528,139.018111",1120.0,on,"32.9442029,129.0779185",334.6,off,osm OSM 三峰山 ele=None node/8332532770
false-positive,266,袈裟丸山,1961.0,"36.6494,139.3272",1950.7,on,"36.6380837,139.3286962",1895.0,gray,osm OSM 袈裟丸山 ele=1961.0 node/3260851389 / 確認済み: 現座標のDEM 1951m が記載 1961.0m と一致。指摘は別地点への誤マッチ
false-positive,275,赤城山,1828.0,"36.56083,139.19361",1816.1,on,"36.5552373,139.1782291",1345.0,off,osm OSM 赤城山 ele=None node/2596204497 / 確認済み: 現座標のDEM 1816m が記載 1828.0m と一致。指摘は別地点への誤マッチ
false-positive,336,乗鞍岳,3026.0,"36.106501,137.553633",3025.3,on,"36.1067649,137.5496858",2847.6,off,osm OSM 乗鞍岳 ele=3026.0 node/4317246954
false-positive,382,鷹ノ巣山,1736.6,"35.82988,139.01232",1736.0,on,"35.0958204,133.3279119",706.4,off,osm OSM 鷹ノ巣山 ele=None node/5976928278 / 確認済み: 現座標のDEM 1736m が記載 1736.6m と一致。指摘は別地点への誤マッチ
false-positive,399,三頭山,1531.0,"35.73857,139.01409",1527.1,on,"36.9644868,138.1541951",850.9,off,osm OSM 三頭山 ele=None node/8767764991 / 確認済み: 現座標のDEM 1527m が記載 1531.0m と一致。指摘は別地点への誤マッチ
false-positive,457,丹沢山,1567.0,"35.47436,139.16269",1566.6,on,"35.4864,139.1389",1671.1,gray,wiki:日本百名山 Wikipediaの表記「丹沢山」 / 確認済み: 現座標のDEM 1567m が記載 1567.0m と一致。指摘は別地点への誤マッチ
false-positive,490,大山,1729.0,"35.371264,133.546352",1728.6,on,"35.3711876,133.5431666",1663.7,gray,osm OSM 大山 ele=None node/1852017245
false-positive,494,富士山,3776.0,"35.360681,138.727351",3773.7,on,"35.3628384,138.7307677",3537.8,off,osm OSM 富士山 ele=3776.2 node/714354378
false-positive,539,愛鷹山,1504.0,"35.2381,138.7939",1502.4,on,"35.2269669,138.8032061",1306.6,off,osm OSM 愛鷹山 ele=None node/5385452247 / 確認済み: 現座標のDEM 1502m が記載 1504.0m と一致。指摘は別地点への誤マッチ
false-positive,693,白滝山,667.6,"34.303028,131.023278",661.5,on,"34.3062886,131.0212379",433.2,off,osm OSM 白滝山 ele=668.0 node/4685243571 / 確認済み: 現座標のDEM 662m が記載 667.6m と一致。指摘は別地点への誤マッチ
false-positive,725,烏帽子岳,696.6,"34.08707,131.96945",696.1,on,"31.8748785,130.6060967",702.8,on,osm OSM 烏帽子岳 ele=703.0 node/10745084488 / 確認済み: 現座標のDEM 696m が記載 696.6m と一致。指摘は別地点への誤マッチ
false-positive,763,二ッ岳,1647.3,"33.88806,133.42278",1641.5,on,"33.1138449,129.8449844",327.6,off,osm OSM 二ッ岳 ele=None node/5364834786 / 確認済み: 現座標のDEM 1642m が記載 1647.3m と一致。指摘は別地点への誤マッチ
false-positive,814,陣ヶ森,1013.3,"33.69054722,133.4247417",1013.9,on,"33.9888358,132.8894271",537.1,off,osm OSM 陣が森 ele=None node/3259229768 / 確認済み: 現座標のDEM 1014m が記載 1013.3m と一致。指摘は別地点への誤マッチ
false-positive,838,虚空蔵山,674.9,"33.459097,133.305475",674.5,on,"34.4854671,132.7197398",665.1,on,osm OSM 虚空蔵山 ele=666.1 node/2835105209 / 確認済み: 現座標のDEM 674m が記載 674.9m と一致。指摘は別地点への誤マッチ
false-positive,861,黒岳,1587.0,"33.10594,131.29294",1587.0,on,"32.8081288,131.3297215",1584.7,on,osm OSM 黒岳 ele=1578.0 node/1692829666 / 確認済み: 現座標のDEM 1587m が記載 1587.0m と一致。指摘は別地点への誤マッチ
false-positive,874,根子岳,1408.0,"32.885361,131.150694",1405.6,on,"32.883948,131.1445928",1343.7,gray,osm OSM 根子岳 ele=1433.0 node/963259394
false-positive,907,上福根山,1645.3,"32.47333,130.94694",1640.0,on,"32.4727973,130.9478923",1604.9,gray,osm OSM 上福根山 ele=1645.6 node/1759388080 / 確認済み: 現座標のDEM 1640m が記載 1645.3m と一致。指摘は別地点への誤マッチ
false-positive,926,桜島,1117.0,"31.592596,130.656566",1112.6,on,"31.5805744,130.657984",723.5,off,osm OSM 桜島 ele=1117.0 node/1280125814
false-positive,928,金峰山,636.3,"31.46767,130.38294",633.8,on,"32.8138785,130.6388716",663.5,gray,osm OSM 金峰山 ele=665.2 node/3283340628 / 確認済み: 現座標のDEM 634m が記載 636.3m と一致。指摘は別地点への誤マッチ
false-positive,932,稲尾岳,959.0,"31.129618,130.880219",957.5,on,"31.1234594,130.8846697",925.5,gray,osm OSM 稲尾岳 ele=930.0 node/1721785931
policy,2,利尻山,1721.0,"45.17861,141.24194",1701.1,on,"45.1804317,141.2413764",1714.9,on,osm OSM 利尻山 ele=1721.0 node/1366603241
policy,59,イワオヌプリ,1116.0,"42.88464,140.63849",1111.3,on,"42.8853244,140.6404877",1116.4,on,osm OSM イワオヌプリ ele=1116.0 node/7811796135
policy,108,白神岳,1235.0,"40.50444,140.01944",1227.1,on,"40.5036242,140.0186679",1231.6,on,osm OSM 白神岳 ele=1232.4 node/3258247284
policy,116,七時雨山,1063.0,"40.07098,141.10836",1059.0,on,"40.0692699,141.10555",1061.8,on,osm OSM 七時雨山 ele=1063.0 node/3259131471
policy,124,大白森,1215.7,"39.8424342,140.786801",1209.7,on,"39.8419483,140.7850635",1215.2,on,osm OSM 大白森 ele=1216.0 node/8440051577
policy,136,五葉山,1351.0,"39.20398,141.72914",1341.0,on,"39.2054424,141.7321268",1344.5,on,osm OSM 五葉山 ele=1351.0 node/3259271861
policy,161,泉ヶ岳,1175.0,"38.41194,140.70889",1174.0,on,"38.4115286,140.7100181",1169.9,on,osm OSM 泉ヶ岳 ele=1175.0 node/3259286461
policy,217,田代山,1971.0,"36.97417,139.47976",1966.2,on,"36.9743976,139.4785403",1970.4,on,osm OSM 田代山 ele=1971.0 node/3259600537
policy,258,志賀山,2035.5,"36.70028,138.51583",2033.8,on,"36.6995182,138.5111984",2034.3,on,osm OSM 志賀山 ele=2035.7 node/6288314565
policy,270,奥大日岳,2611.0,"36.59833,137.58083",2606.2,on,"36.5996657,137.5763756",2604.9,on,osm OSM 奥大日岳 ele=2611.0 node/9757995459
policy,341,北横岳,2480.0,"36.08619,138.31942",2471.0,on,"36.0874927,138.320106",2474.5,on,osm OSM 北横岳 ele=2480.0 node/2929016140
policy,351,笠山,837.0,"36.018778,139.188194",821.1,on,"36.0184975,139.1898611",834.8,on,osm OSM 笠山 ele=837.0 node/3905950569
policy,423,農鳥岳,3026.0,"35.62479,138.23042",3045.9,on,"35.6211798,138.2368648",3025.9,on,osm OSM 農鳥岳 ele=3025.0 node/1851346682
policy,448,青葉山,693.0,"35.50599,135.47772",689.6,on,"35.5051498,135.483777",692.9,on,osm OSM 青葉山 ele=693.0 node/3265266881
policy,519,明神ヶ岳,1169.0,"35.27794,139.05297",1158.5,on,"35.2794977,139.0525134",1168.1,on,osm OSM 明神ヶ岳 ele=1169.0 node/9148441788
policy,537,宝仏山,1005.0,"35.23152,133.46836",1001.6,on,"35.2298452,133.47014",1004.4,on,osm OSM 宝仏山 ele=1005.0 node/3265178551
policy,588,吾妻山,1238.0,"35.068278,133.033083",1237.6,on,"35.07,133.0522",1223.0,on,wiki:日本三百名山 Wikipediaの表記「吾妻山」 / 確認済み: 現座標のDEM 1238m が記載 1238.0m と一致。Wikipediaの三百名山リストの座標が1.75km離れた地点を指している
policy,608,鳳来寺山,695.0,"34.982815,137.582983",683.4,on,"34.9839984,137.582759",682.7,on,osm OSM 鳳来寺山 ele=695.0 node/3259303479
policy,616,冠山,859.3,"34.919167,132.502778",851.1,on,"34.9175227,132.5018396",859.7,on,osm OSM 冠山 ele=863.0 node/3274561404
policy,644,十方山,1318.9,"34.56505,132.14214",1326.9,on,"34.5615403,132.1432312",1318.0,on,osm OSM 十方山 ele=1328.0 node/2751572705
policy,734,石城山,350.1,"33.98762,132.03911",357.3,on,"33.9887618,132.0342474",342.4,on,osm OSM 石城山 ele=350.0 node/4360880889
policy,817,工石山,1177.0,"33.669078,133.506855",1175.1,on,"33.6698762,133.5058975",1170.6,on,osm OSM 工石山 ele=1177.0 node/3267197634
policy,825,横倉山,776.0,"33.534972,133.208278",774.0,on,"33.535653,133.1996303",788.6,on,osm OSM 横倉山 ele=793.0 node/3920902039
policy,865,九重山,1791.0,"33.085996,131.249067",1790.4,on,"33.0822026,131.2408919",1786.6,on,osm OSM 久住山 ele=1786.5 node/1691773451
policy,880,俵山,1094.9,"32.83843,130.96923",1094.1,on,"32.8378569,130.9704952",1103.5,on,osm OSM 俵山 ele=1095.0 node/1702574758
policy,887,鹿納山,1567.0,"32.764593,131.483225",1566.5,on,"32.7562609,131.4887291",1549.7,on,osm OSM 鹿納山 ele=1567.0 node/1740969067
gray,388,黒川鶏冠山,1716.0,"35.789556,138.839194",1690.6,gray,,,,
gray,762,五大尊岳,825.0,"33.889806,135.802833",788.1,gray,,,,
ok,1,礼文岳,490.0,"45.37249,141.01611",479.8,on,,,,
ok,3,ピヤシリ山,986.6,"44.43369,142.58408",985.0,on,,,,
ok,4,ピッシリ山,1031.5,"44.35556,142.03194",1029.1,on,,,,
ok,5,ウエンシリ岳,1142.3,"44.22889,142.87639",1137.0,on,,,,
ok,6,硫黄山,1562.5,"44.13333,145.16139",1557.4,on,,,,
ok,7,三頭山,1009.1,"44.09139,142.08583",1005.0,on,,,,
ok,8,羅臼岳,1660.0,"44.07583,145.12222",1656.1,on,,,,
ok,9,天塩岳,1558.0,"43.96433,142.88797",1555.0,on,,,,
ok,10,ニセイカウシュッペ山,1883.0,"43.77997,142.98525",1880.6,on,,,,
ok,11,斜里岳,1547.0,"43.76556,144.71778",1540.6,on,,,,
ok,12,平山,1771.0,"43.75998,143.00715",1770.1,on,,,,
ok,13,武利岳,1876.2,"43.73297,143.17651",1874.5,on,,,,
ok,14,暑寒別岳,1492.0,"43.71583,141.52294",1490.4,on,,,,
ok,15,愛別岳,2112.7,"43.70778,142.85722",2109.8,on,,,,
ok,16,武華山,1759.0,"43.70573,143.16049",1758.3,on,,,,
ok,17,黒岳,1984.0,"43.69746,142.92027",1983.6,on,,,,
ok,18,北鎮岳,2244.0,"43.69279,142.87989",2245.9,on,,,,
ok,19,赤岳,2078.5,"43.67288,142.92486",2088.8,on,,,,
ok,20,小泉岳,2158.0,"43.66669,142.92125",2158.3,on,,,,
ok,21,大雪山,2291.0,"43.66358,142.85414",2290.3,on,,,,
ok,22,白雲岳,2230.0,"43.66121,142.90592",2229.5,on,,,,
ok,23,黄金山,740.0,"43.62409,141.47317",738.6,on,,,,
ok,24,忠別岳,1962.8,"43.59111,142.89444",1948.8,on,,,,
ok,25,カムイヌプリ,857.0,"43.57229,144.56091",850.6,on,,,,
ok,26,ユニ石狩岳,1756.0,"43.56451,143.07028",1749.6,on,,,,
ok,27,音更山,1932.0,"43.56167,143.03528",1929.3,on,,,,
ok,28,西別岳,799.8,"43.55354,144.58175",798.8,on,,,,
ok,29,石狩岳,1967.0,"43.54653,143.02225",1966.0,on,,,,
ok,30,トムラウシ,2141.0,"43.52711,142.84878",2137.9,on,,,,
ok,31,西クマネシリ岳,1635.0,"43.51914,143.23333",1632.0,on,,,,
ok,32,神居尻山,946.7,"43.50047,141.66253",940.0,on,,,,
ok,33,ピンネシリ,1100.3,"43.49178,141.70674",1100.0,on,,,,
ok,34,オプタテシケ山,2012.7,"43.47028,142.75167",2006.9,on,,,,
ok,35,ニペソツ山,2013.0,"43.45601,143.03223",2010.0,on,,,,
ok,36,雄阿寒岳,1370.5,"43.45399,144.16469",1369.2,on,,,,
ok,37,美瑛岳,2052.3,"43.43992,142.70656",2050.3,on,,,,
ok,38,十勝岳,2077.0,"43.41783,142.68628",2072.8,on,,,,
ok,39,上ホロカメットク山,1920.0,"43.40479,142.67174",1915.4,on,,,,
ok,40,富良野岳,1912.1,"43.39374,142.63498",1911.0,on,,,,
ok,41,ウペペサンケ山,1848.0,"43.38955,143.08207",1841.0,on,,,,
ok,42,阿寒岳,1499.0,"43.38632,144.00879",1495.9,on,,,,
ok,43,富良野西岳,1331.1,"43.309162,142.311664",1327.9,on,,,,
ok,44,積丹岳,1255.3,"43.270616,140.480338",1255.3,on,,,,
ok,45,崕山,1072.0,"43.285711,142.237676",1061.0,on,,,,
ok,46,白雲山,1187.0,"43.25878,143.11525",1190.0,on,,,,
ok,47,芦別岳,1726.0,"43.23572,142.28353",1722.0,on,,,,
ok,48,佐幌岳,1059.5,"43.17339,142.78101",1058.8,on,,,,
ok,49,手稲山,1023.7,"43.076612,141.193194",1017.3,on,,,,
ok,50,夕張岳,1668.0,"43.09967,142.25103",1663.0,on,,,,
ok,51,余市岳,1488.1,"43.03278,141.01972",1486.4,on,,,,
ok,52,藻岩山,530.8,"43.022395,141.322339",529.5,on,,,,
ok,53,定山溪天狗岳,1144.6,"43.01083,141.10853",1142.3,on,,,,
ok,54,神威岳,983.0,"43.004494,141.196026",980.8,on,,,,
ok,55,無意根山,1464.0,"42.93064,141.04068",1460.6,on,,,,
ok,56,雷電山,1211.7,"42.90363,140.46964",1211.1,on,,,,
ok,57,札幌岳,1293.0,"42.90028,141.20056",1287.6,on,,,,
ok,58,目国内岳,1220.0,"42.89973,140.51528",1217.1,on,,,,
ok,60,芽室岳,1753.7,"42.86884,142.78542",1747.1,on,,,,
ok,61,空沼岳,1251.0,"42.86498,141.25362",1243.9,on,,,,
ok,62,剣山,1205.1,"42.848705,142.885057",1203.9,on,,,,
ok,64,チロロ岳,1879.9,"42.82558,142.67539",1879.8,on,,,,
ok,65,ニセコアンヌプリ,1308.0,"42.874996,140.658845",1307.2,on,,,,
ok,66,伏美岳,1792.0,"42.775809,142.765592",1786.2,on,,,,
ok,67,恵庭岳,1319.7,"42.79333,141.28528",1312.3,on,,,,
ok,68,ピパイロ岳,1916.5,"42.77316,142.72758",1914.2,on,,,,
ok,69,尻別岳,1107.4,"42.77246,140.91055",1104.0,on,,,,
ok,70,1967峰,1967.0,"42.77228,142.70647",1960.7,on,,,,
ok,71,北戸蔦別岳,1912.0,"42.75056,142.68694",1910.1,on,,,,
ok,72,戸蔦別岳,1959.0,"42.738654,142.695052",1951.4,on,,,,
ok,73,幌尻岳,2053.0,"42.71944,142.68278",2047.0,on,,,,
ok,74,風不死岳,1102.5,"42.71686,141.35889",1101.3,on,,,,
ok,75,昆布岳,1045.1,"42.71028,140.65556",1033.4,on,,,,
ok,76,十勝幌尻岳,1846.0,"42.69556,142.85944",1842.6,on,,,,
ok,77,樽前山,1041.0,"42.69056,141.37669",1034.6,on,,,,
ok,78,黒松内岳,740.0,"42.619693,140.2441",739.7,on,,,,
ok,79,大平山,1190.6,"42.63583,140.13556",1189.9,on,,,,
ok,80,徳舜瞥山,1309.0,"42.63415,141.13129",1307.3,on,,,,
ok,81,イドンナップ岳,1752.0,"42.63028,142.64889",1738.0,on,,,,
ok,82,カムイエクウチカウシ山,1980.0,"42.62506,142.76639",1975.0,on,,,,
ok,83,狩場山,1519.9,"42.61333,139.94056",1519.1,on,,,,
ok,84,長万部岳,972.4,"42.58583,140.18944",972.2,on,,,,
ok,85,コイカクシュサツナイ岳,1721.0,"42.57096,142.82493",1715.0,on,,,,
ok,86,オロフレ山,1230.8,"42.56594,141.08712",1229.7,on,,,,
ok,87,1839峰,1842.0,"42.53936,142.80811",1841.0,on,,,,
ok,88,ペテガリ岳,1736.0,"42.49933,142.87102",1734.0,on,,,,
ok,89,鷲別岳,911.1,"42.43564,141.00307",910.9,on,,,,
ok,90,神威岳,1600.5,"42.428333,142.906944",1597.0,on,,,,
ok,91,ピセナイ山,1027.6,"42.41361,142.63778",1026.7,on,,,,
ok,92,楽古岳,1471.9,"42.27251,143.11125",1470.0,on,,,,
ok,93,遊楽部岳,1277.0,"42.21889,140.01028",1273.7,on,,,,
ok,94,雄鉾岳,999.3,"42.15396,140.11641",999.2,on,,,,
ok,95,アポイ岳,810.6,"42.10789,143.02571",809.3,on,,,,
ok,96,駒ヶ岳,1131.0,"42.063028,140.67722",1121.8,on,,,,
ok,97,乙部岳,1016.6,"42.039368,140.274583",1016.9,on,,,,
ok,98,恵山,618.1,"41.80468,141.16616",616.9,on,,,,
ok,99,函館山,334.0,"41.759319,140.703984",332.0,on,,,,
ok,100,大千軒岳,1071.6,"41.57926,140.16112",1070.7,on,,,,
ok,101,縫道石山,626.0,"41.31328,140.84711",615.3,on,,,,
ok,102,吹越烏帽子,507.7,"41.03745,141.31701",505.5,on,,,,
ok,103,袴腰岳,627.0,"40.995611,140.521611",627.3,on,,,,
ok,104,八甲田山,1584.0,"40.65883,140.87725",1583.9,on,,,,
ok,105,岩木山,1625.0,"40.65589,140.30308",1624.8,on,,,,
ok,106,南八甲田,1516.7,"40.60319,140.84258",1516.0,on,,,,
ok,107,天狗岳,957.9,"40.52722,140.08444",955.7,on,,,,
ok,109,戸来岳,1159.5,"40.452929,141.001605",1157.4,on,,,,
ok,110,白地山,1034.2,"40.44718,140.78817",1033.5,on,,,,
ok,111,小岳,1042.5,"40.43279,140.19778",1040.0,on,,,,
ok,112,田代岳,1177.9,"40.42861,140.40889",1175.0,on,,,,
ok,113,十和利山,990.9,"40.42694,140.98514",990.2,on,,,,
ok,114,藤里駒ヶ岳,1158.1,"40.41278,140.25111",1152.0,on,,,,
ok,115,竜ヶ森,1049.9,"40.10386,140.59965",1045.0,on,,,,
ok,117,安家森,1238.9,"40.03804,141.54092",1237.0,on,,,,
ok,118,森吉山,1454.0,"39.97675,140.54417",1453.0,on,,,,
ok,119,秋田焼山,1366.2,"39.96389,140.75706",1366.3,on,,,,
ok,120,八幡平,1613.0,"39.95784,140.85417",1613.1,on,,,,
ok,121,三ツ石山,1466.0,"39.85128,140.89647",1462.6,on,,,,
ok,123,姫神山,1124.0,"39.84389,141.24691",1118.7,on,,,,
ok,125,烏帽子岳,1478.0,"39.80491,140.83853",1473.6,on,,,,
ok,126,太平山,1170.5,"39.79703,140.31064",1170.0,on,,,,
ok,128,兜明神岳,1005.0,"39.65613,141.36975",1000.5,on,,,,
ok,129,和賀岳,1440.0,"39.57039,140.75425",1440.0,on,,,,
ok,130,早池峰山,1917.0,"39.55835,141.48899",1913.5,on,,,,
ok,131,薬師岳,1644.7,"39.52993,141.49574",1639.7,on,,,,
ok,132,真昼岳,1059.6,"39.44778,140.67667",1055.0,on,,,,
ok,133,女神山,955.5,"39.41696,140.67511",954.0,on,,,,
ok,134,鯨山,609.9,"39.40126,141.92282",608.5,on,,,,
ok,135,六角牛山,1293.7,"39.31834,141.65019",1293.4,on,,,,
ok,137,牛形山,1339.5,"39.20174,140.86031",1338.0,on,,,,
ok,138,焼石岳,1548.0,"39.16369,140.82883",1546.8,on,,,,
ok,140,氷上山,874.4,"39.05893,141.66055",872.8,on,,,,
ok,141,丁岳,1145.7,"39.03194,140.21944",1143.0,on,,,,
ok,142,甑山,981.4,"39.012059,140.310582",979.4,on,,,,
ok,143,高松岳,1348.0,"38.9678967,140.606112",1344.0,on,,,,
ok,144,栗駒山,1626.0,"38.96107,140.78833",1623.9,on,,,,
ok,145,虎毛山,1432.9,"38.90472,140.61889",1430.1,on,,,,
ok,146,神室山,1365.0,"38.90222,140.49231",1361.0,on,,,,
ok,147,須金岳,1253.0,"38.89216,140.65502",1249.8,on,,,,
ok,148,小又山,1366.7,"38.86287,140.48568",1362.0,on,,,,
ok,149,徳仙丈山,710.8,"38.84848,141.47001",708.5,on,,,,
ok,150,禿岳,1261.7,"38.81097,140.59522",1259.8,on,,,,
ok,151,杢蔵山,1026.4,"38.78944,140.40139",1022.0,on,,,,
ok,152,翁山,1075.1,"38.65084,140.54483",1073.7,on,,,,
ok,153,薬萊山,553.1,"38.57556,140.70542",550.6,on,,,,
ok,154,月山,1984.0,"38.54889,140.02694",1981.5,on,,,,
ok,155,葉山,1462.1,"38.52917,140.21056",1460.5,on,,,,
ok,156,摩耶山,1019.9,"38.52028,139.72778",1008.6,on,,,,
ok,157,甑岳,1015.6,"38.48683,140.44743",1011.9,on,,,,
ok,158,船形山,1500.0,"38.45548,140.61997",1498.9,on,,,,
ok,159,黒伏山,1226.8,"38.44717,140.53038",1225.8,on,,,,
ok,160,七ッ森,506.4,"38.405295,140.812048",505.7,on,,,,
ok,162,面白山,1264.5,"38.34864,140.52233",1263.0,on,,,,
ok,163,以東岳,1772.0,"38.34292,139.84898",1771.2,on,,,,
ok,164,大東岳,1365.7,"38.30217,140.52356",1364.9,on,,,,
ok,165,朝日連峰,1870.0,"38.26083,139.92222",1858.6,on,,,,
ok,166,神室岳,1356.0,"38.25564,140.48546",1348.2,on,,,,
ok,167,白鷹山,994.0,"38.22272,140.17306",993.5,on,,,,
ok,168,雁戸山,1484.6,"38.19909,140.47741",1480.9,on,,,,
ok,169,祝瓶山,1417.4,"38.19761,139.87961",1416.4,on,,,,
ok,170,蔵王山,1841.0,"38.1436,140.44",1839.2,on,,,,
ok,171,金北山,1172.0,"38.10382,138.34983",1172.1,on,,,,
ok,172,屏風岳,1825.0,"38.09583,140.47611",1823.1,on,,,,
ok,173,青麻山,799.5,"38.08481,140.60761",799.0,on,,,,
ok,174,杁差岳,1636.0,"37.94261,139.60883",1635.6,on,,,,
ok,175,二王子岳,1420.0,"37.89964,139.49914",1419.7,on,,,,
ok,176,北股岳,2024.9,"37.87995,139.63859",2024.2,on,,,,
ok,177,岩岳,430.0,"37.85583,140.76475",428.3,on,,,,
ok,178,飯豊山,2105.0,"37.85486,139.70712",2104.1,on,,,,
ok,179,栂峰,1541.4,"37.82809,139.93737",1541.0,on,,,,
ok,180,蒜場山,1363.0,"37.79568,139.52795",1360.9,on,,,,
ok,181,霊山,825.0,"37.76865,140.68725",818.8,on,,,,
ok,183,一切経山,1949.4,"37.73528,140.24444",1947.9,on,,,,
ok,184,安達太良山,1709.0,"37.62113,140.28786",1698.5,on,,,,
ok,185,磐梯山,1819.0,"37.60098,140.07224",1815.7,on,,,,
ok,186,粟ヶ岳,1293.0,"37.5552777,139.1886111",1291.0,on,,,,
ok,187,御神楽岳,1386.0,"37.52189,139.42586",1385.0,on,,,,
ok,188,鎌倉岳,966.8,"37.46701,140.68897",964.2,on,,,,
ok,189,額取山,1008.7,"37.45026,140.22041",1007.9,on,,,,
ok,190,守門岳,1537.0,"37.39767,139.13656",1536.6,on,,,,
ok,191,蒲生岳,828.0,"37.38854,139.33551",823.6,on,,,,
ok,192,志津倉山,1234.0,"37.368024,139.628585",1226.4,on,,,,
ok,193,博士山,1482.0,"37.36319,139.71474",1481.1,on,,,,
ok,194,大滝根山,1192.0,"37.355,140.7016666",1190.1,on,,,,
ok,195,浅草岳,1585.5,"37.34365,139.23351",1583.3,on,,,,
ok,196,小野岳,1383.5,"37.32592,139.88658",1382.0,on,,,,
ok,197,米山,993.0,"37.289586,138.484006",992.0,on,,,,
ok,198,蓬田岳,952.2,"37.26581,140.53471",951.9,on,,,,
ok,199,二岐山,1544.4,"37.24639,139.96736",1543.7,on,,,,
ok,200,会津朝日岳,1624.0,"37.22114,139.33964",1621.3,on,,,,
ok,201,二ッ箭山,709.7,"37.17308,140.87039",708.2,on,,,,
ok,202,三本槍岳,1917.0,"37.15009,139.96146",1916.2,on,,,,
ok,203,那須岳,1915.0,"37.124918,139.962901",1914.3,on,,,,
ok,204,七ヶ岳,1635.9,"37.12439,139.65738",1634.7,on,,,,
ok,205,越後駒ヶ岳,2003.0,"37.12364,139.07525",2002.2,on,,,,
ok,206,八海山,1778.0,"37.10392,139.02403",1774.8,on,,,,
ok,207,荒沢岳,1969.0,"37.10049,139.14819",1965.8,on,,,,
ok,208,男鹿岳,1777.0,"37.0852777,139.8219444",1776.4,on,,,,
ok,209,中ノ岳,2085.0,"37.08525,139.07761",2085.1,on,,,,
ok,210,三岩岳,2065.2,"37.08187,139.37965",2063.4,on,,,,
ok,211,会津駒ヶ岳,2133.0,"37.04759,139.35375",2132.1,on,,,,
ok,212,日留賀岳,1848.8,"37.03885,139.79303",1848.0,on,,,,
ok,213,荒海山,1580.6,"37.03609,139.64376",1581.5,on,,,,
ok,214,平ヶ岳,2141.0,"37.00223,139.17086",2139.4,on,,,,
ok,215,巻機山,1967.0,"36.97861,138.96417",1959.2,on,,,,
ok,216,青海黒姫山,1221.0,"36.9766666,137.79",1221.6,on,,,,
ok,218,帝釈山,2060.0,"36.96981,139.45997",2058.8,on,,,,
ok,219,景鶴山,2004.0,"36.9569444,139.2105555",1999.0,on,,,,
ok,221,八溝山,1022.2,"36.93028,140.27306",1018.4,on,,,,
ok,222,火打山,2462.0,"36.92271,138.06811",2461.3,on,,,,
ok,223,焼山,2400.0,"36.9208333,138.0358333",2395.4,on,,,,
ok,224,至仏山,2228.0,"36.90345,139.17321",2226.7,on,,,,
ok,225,雨飾山,1963.0,"36.90211,137.96259",1955.8,on,,,,
ok,226,高原山,1795.0,"36.899999,139.776765",1794.5,on,,,,
ok,227,妙高山,2454.0,"36.89128,138.11342",2446.3,on,,,,
ok,228,鬼怒沼山,2140.8,"36.88278,139.37167",2136.2,on,,,,
ok,229,朝日岳,1945.0,"36.88067,138.97264",1944.3,on,,,,
ok,230,笠ヶ岳,2058.0,"36.87329,139.15335",2059.6,on,,,,
ok,231,苗場山,2145.0,"36.84599,138.69034",2145.7,on,,,,
ok,232,鳥甲山,2038.0,"36.83915,138.58404",2036.7,on,,,,
ok,233,斑尾山,1381.5,"36.83747,138.27445",1375.3,on,,,,
ok,234,谷川岳,1977.0,"36.83711,138.93018",1970.5,on,,,,
ok,235,朝日岳,2418.0,"36.82676,137.72988",2418.1,on,,,,
ok,236,平標山,1984.0,"36.81785,138.82189",1983.1,on,,,,
ok,237,太郎山,2368.0,"36.81778,139.48278",2365.5,on,,,,
ok,238,仙ノ倉山,2026.0,"36.81747,138.83951",2026.0,on,,,,
ok,239,黒姫山,2053.0,"36.81333,138.12722",2045.3,on,,,,
ok,240,女峰山,2483.0,"36.81144,139.53648",2480.4,on,,,,
ok,241,武尊山,2158.0,"36.805212,139.132599",2157.7,on,,,,
ok,242,高妻山,2353.0,"36.79998,138.05193",2349.0,on,,,,
ok,243,日光白根山,2578.0,"36.79861,139.37592",2570.5,on,,,,
ok,244,雪倉岳,2611.0,"36.79464,137.75403",2610.8,on,,,,
ok,245,戸隠山,1904.0,"36.770437,138.055138",1904.5,on,,,,
ok,246,佐武流山,2192.0,"36.77219,138.67061",2190.7,on,,,,
ok,247,男体山,2484.0,"36.76521,139.49089",2483.9,on,,,,
ok,248,白馬岳,2932.0,"36.75847,137.75856",2923.2,on,,,,
ok,249,吾妻耶山,1341.0,"36.74639,138.92722",1339.1,on,,,,
ok,250,岩菅山,2295.0,"36.74206,138.55954",2295.0,on,,,,
ok,251,飯縄山,1917.0,"36.73944,138.13361",1916.3,on,,,,
ok,252,白砂山,2140.0,"36.73806,138.69333",2137.7,on,,,,
ok,253,鑓ヶ岳,2903.0,"36.73133,137.75537",2901.9,on,,,,
ok,254,奥久慈男体山,654.0,"36.72417,140.41972",652.2,on,,,,
ok,255,竪破山,658.3,"36.71083,140.56222",656.7,on,,,,
ok,257,毛勝山,2415.0,"36.70111,137.59082",2413.7,on,,,,
ok,259,皇海山,2144.0,"36.68988,139.33692",2142.9,on,,,,
ok,260,唐松岳,2696.0,"36.68724,137.75469",2694.9,on,,,,
ok,261,笠ヶ岳,2076.0,"36.6766666,138.4813888",2069.2,on,,,,
ok,262,横手山,2307.0,"36.6688888,138.5258333",2306.1,on,,,,
ok,263,五竜岳,2814.0,"36.65833,137.75278",2810.4,on,,,,
ok,264,草津白根山,2165.0,"36.62295,138.531715",2170.7,on,,,,
ok,265,古峰ヶ原,1377.9,"36.64068,139.50911",1375.1,on,,,,
ok,267,鹿島槍ヶ岳,2889.0,"36.62444,137.74694",2885.5,on,,,,
ok,268,剱岳,2999.0,"36.62333,137.61694",2994.6,on,,,,
ok,269,古賀志山,582.8,"36.62176,139.77146",582.3,on,,,,
ok,271,石裂山,879.0,"36.598049,139.580503",875.4,on,,,,
ok,272,子持山,1296.1,"36.59194,138.99778",1291.8,on,,,,
ok,273,爺ヶ岳中峰,2670.0,"36.58833,137.75083",2666.0,on,,,,
ok,274,立山,3003.0,"36.57583,137.61972",3010.6,on,,,,
ok,276,根本山,1199.0,"36.549779,139.451164",1196.7,on,,,,
ok,277,四阿山,2354.0,"36.54167,138.41306",2343.3,on,,,,
ok,278,鍬崎山,2090.0,"36.54,137.4780555",2088.0,on,,,,
ok,279,針ノ木岳,2821.0,"36.53806,137.68444",2819.4,on,,,,
ok,280,蓮華岳,2799.0,"36.53583,137.71056",2793.3,on,,,,
ok,281,医王山,939.0,"36.5127777,136.7961111",936.8,on,,,,
ok,282,鳴神山,979.7,"36.49022,139.36132",977.1,on,,,,
ok,283,烏帽子岳,2628.0,"36.47946,137.65091",2625.1,on,,,,
ok,284,榛名山,1449.0,"36.477412,138.85088",1446.7,on,,,,
ok,285,薬師岳,2926.0,"36.46889,137.54472",2925.0,on,,,,
ok,286,赤牛岳,2864.0,"36.46159,137.60335",2863.2,on,,,,
ok,287,浅間隠山,1757.0,"36.45378,138.65254",1751.5,on,,,,
ok,288,餓鬼岳,2647.0,"36.44722,137.73604",2644.0,on,,,,
ok,289,湯ノ丸山,2101.0,"36.43477,138.40087",2101.1,on,,,,
ok,290,野口五郎岳,2924.32,"36.43278,137.63778",2922.5,on,,,,
ok,291,水晶岳,2986.0,"36.42714,137.60249",2974.0,on,,,,
ok,292,白木峰,1596.0,"36.4155555,137.1122222",1597.5,on,,,,
ok,293,鼻曲山,1655.0,"36.41093,138.64532",1650.5,on,,,,
ok,294,燕岳,2763.0,"36.40674,137.71275",2761.0,on,,,,
ok,295,浅間山,2568.0,"36.40639,138.52306",2560.8,on,,,,
ok,296,黒斑山,2404.0,"36.40523,138.48855",2397.3,on,,,,
ok,297,鷲羽岳,2924.0,"36.40306,137.60528",2922.9,on,,,,
ok,298,黒部五郎岳,2840.0,"36.39258,137.53994",2839.2,on,,,,
ok,299,有明山,2268.0,"36.39105,137.77068",2264.6,on,,,,
ok,300,三俣蓮華岳,2841.0,"36.39002,137.58773",2840.3,on,,,,
ok,301,金剛堂山,1650.0,"36.37889,137.04889",1648.2,on,,,,
ok,302,行道山,442.0,"36.377477,139.4373",439.3,on,,,,
ok,303,双六岳,2860.29,"36.371824,137.587097",2860.0,on,,,,
ok,304,大門山,1572.0,"36.3652777,136.8036111",1570.4,on,,,,
ok,305,大天井岳,2922.0,"36.36499,137.70111",2921.3,on,,,,
ok,306,晃石山,419.1,"36.36028,139.67528",417.1,on,,,,
ok,307,人形山,1726.0,"36.3488888,136.9397222",1721.6,on,,,,
ok,308,槍ヶ岳,3180.0,"36.34198,137.64763",3177.0,on,,,,
ok,309,常念岳,2857.0,"36.325534,137.727598",2849.5,on,,,,
ok,310,吾国山,518.2,"36.32186,140.20111",517.8,on,,,,
ok,311,大笠山,1822.0,"36.3205555,136.7897222",1822.1,on,,,,
ok,312,三毳山,229.0,"36.31597,139.62925",229.5,on,,,,
ok,313,笠ヶ岳,2897.0,"36.31556,137.55028",2891.2,on,,,,
ok,314,加波山,709.0,"36.29882,140.14368",708.3,on,,,,
ok,315,笈ヶ岳,1841.0,"36.29851,136.79228",1835.6,on,,,,
ok,316,妙義山,1104.0,"36.298692,138.748852",1102.2,on,,,,
ok,317,奥穂高岳,3190.0,"36.28921,137.64798",3181.9,on,,,,
ok,318,蝶ヶ岳,2677.0,"36.28748,137.72614",2669.8,on,,,,
ok,319,西穂独標,2701.0,"36.272506,137.626394",2685.3,on,,,,
ok,320,三方岩岳,1736.0,"36.258181,136.844542",1732.3,on,,,,
ok,321,大満寺山,607.7,"36.25675,133.33053",607.6,on,,,,
ok,322,籾糠山,1744.34,"36.234227,136.953377",1734.4,on,,,,
ok,323,美ヶ原,2034.0,"36.225833,138.107444",2034.0,on,,,,
ok,324,焼岳,2455.0,"36.228684,137.589537",2443.9,on,,,,
ok,325,猿ヶ馬場山,1875.0,"36.2258333,136.9427777",1873.7,on,,,,
ok,326,筑波山,877.0,"36.22533,140.10686",860.7,on,,,,
ok,327,霞沢岳,2646.0,"36.22111,137.64056",2641.4,on,,,,
ok,328,荒船山,1423.0,"36.204136,138.637142",1421.4,on,,,,
ok,329,鹿岳,1015.0,"36.206508,138.724659",1010.6,on,,,,
ok,330,立岩,1265.0,"36.18646,138.64291",1264.2,on,,,,
ok,331,稲含山,1370.0,"36.16944,138.82528",1368.1,on,,,,
ok,332,鉢伏山,1929.0,"36.16304,138.05917",1928.5,on,,,,
ok,333,白山,2702.0,"36.15479,136.77163",2693.3,on,,,,
ok,334,御荷鉾山,1287.0,"36.15228,138.91831",1286.2,on,,,,
ok,335,鐘撞堂山,330.2,"36.13446,139.18068",329.5,on,,,,
ok,337,蓼科山,2530.0,"36.10373,138.29503",2530.0,on,,,,
ok,338,霧ヶ峰,1925.0,"36.10306,138.19667",1924.2,on,,,,
ok,339,城峯山,1037.7,"36.09758,139.00766",1037.5,on,,,,
ok,340,鉢盛山,2447.0,"36.08667,137.75472",2444.9,on,,,,
ok,342,二子山,1166.0,"36.06972,138.86361",1163.2,on,,,,
ok,343,経ヶ岳,1625.0,"36.0463888,136.6219444",1625.2,on,,,,
ok,344,諏訪山,1549.0,"36.04003,138.72958",1549.0,on,,,,
ok,345,位山,1529.0,"36.03825,137.19671",1528.5,on,,,,
ok,346,帳付山,1619.0,"36.03448,138.75441",1609.7,on,,,,
ok,347,大霧山,766.7,"36.03431,139.15653",758.0,on,,,,
ok,348,御座山,2112.0,"36.03409,138.60678",2105.2,on,,,,
ok,349,両神山,1723.0,"36.02333,138.84139",1703.7,on,,,,
ok,350,天狗岳,2646.0,"36.01914,138.35547",2646.2,on,,,,
ok,352,野伏ヶ岳,1674.0,"36.0127777,136.7325",1672.0,on,,,,
ok,353,川上岳,1626.0,"36.008139,137.1495",1624.2,on,,,,
ok,354,大日ヶ岳,1709.0,"36.00139,136.83782",1708.3,on,,,,
ok,355,八ヶ岳,2899.0,"35.97079,138.37006",2899.5,on,,,,
ok,356,秩父御岳山,1081.0,"35.96656,138.94261",1079.0,on,,,,
ok,357,武甲山,1304.0,"35.95161,139.09778",1295.1,on,,,,
ok,358,荒島岳,1524.0,"35.934347,136.601263",1521.3,on,,,,
ok,359,鷲ヶ岳,1671.0,"35.9402777,136.9713888",1667.4,on,,,,
ok,360,武川岳,1051.7,"35.93694,139.13032",1050.8,on,,,,
ok,361,大持山,1294.1,"35.92849,139.10066",1284.2,on,,,,
ok,362,伊豆ヶ岳,851.0,"35.92685,139.16063",851.1,on,,,,
ok,363,妙法ヶ岳,1320.0,"35.91923,138.94819",1331.2,on,,,,
ok,364,経ヶ岳,2296.0,"35.91281,137.86267",2296.2,on,,,,
ok,365,甲武信ヶ岳,2475.0,"35.90918,138.72887",2474.0,on,,,,
ok,366,白石山,2036.0,"35.89939,138.87797",2036.2,on,,,,
ok,367,入笠山,1955.0,"35.89639,138.17167",1954.4,on,,,,
ok,368,日和田山,305.0,"35.89378,139.30484",304.6,on,,,,
ok,369,瑞牆山,2230.0,"35.89347,138.59209",2227.8,on,,,,
ok,370,御嶽山,3067.0,"35.89278,137.48028",3058.6,on,,,,
ok,371,母袋烏帽子岳,1340.88,"35.882822,136.96979",1337.3,on,,,,
ok,372,御前山,1646.4,"35.876576,137.273175",1636.7,on,,,,
ok,373,金峰山,2599.0,"35.87166,138.62551",2594.5,on,,,,
ok,374,国師ヶ岳,2592.0,"35.8708333,138.6730555",2592.1,on,,,,
ok,375,笠取山,1953.0,"35.86545,138.81989",1946.8,on,,,,
ok,376,棒ノ嶺,969.0,"35.85885,139.15514",966.8,on,,,,
ok,377,雲取山,2017.0,"35.85558,138.94393",2016.1,on,,,,
ok,378,川苔山,1363.2,"35.85083,139.10694",1362.7,on,,,,
ok,379,飛龍山,2077.0,"35.83972,138.89222",2071.2,on,,,,
ok,380,簗谷山,1213.6,"35.836566,137.123277",1206.8,on,,,,
ok,381,岩茸石山,793.0,"35.83056,139.17861",788.2,on,,,,
ok,383,乾徳山,2031.0,"35.82278,138.71487",2029.9,on,,,,
ok,384,湯ヶ峰,1067.0,"35.805841,137.280564",1060.6,on,,,,
ok,385,白草山,1641.0,"35.802274,137.33423",1643.3,on,,,,
ok,386,茅ヶ岳,1704.0,"35.79497,138.51375",1703.4,on,,,,
ok,387,御岳山,929.0,"35.782814,139.149485",931.2,on,,,,
ok,389,木曽駒ヶ岳,2956.0,"35.78944,137.80444",2952.3,on,,,,
ok,390,小秀山,1982.0,"35.78556,137.39694",1976.5,on,,,,
ok,391,宝剣岳,2931.0,"35.78139,137.80917",2929.1,on,,,,
ok,392,冠山,1256.0,"35.779806,136.409306",1254.8,on,,,,
ok,393,鋸岳,2685.0,"35.77899,138.21008",2682.6,on,,,,
ok,394,御前山,1405.0,"35.77008,139.08064",1404.5,on,,,,
ok,395,能郷白山,1617.0,"35.76239,136.51406",1617.0,on,,,,
ok,396,大岳山,1266.0,"35.765196,139.130365",1265.5,on,,,,
ok,397,甲斐駒ヶ岳,2967.0,"35.75778,138.23667",2961.4,on,,,,
ok,398,大菩薩嶺,2057.0,"35.74872,138.84548",2056.1,on,,,,
ok,400,蕪山,1068.75,"35.736593,136.799562",1067.0,on,,,,
ok,401,依遅ヶ尾山,540.0,"35.73425,135.13739",529.1,on,,,,
ok,402,アサヨ峰,2799.0,"35.7316666,138.2413888",2798.7,on,,,,
ok,403,仙丈ヶ岳,3033.0,"35.72012,138.18359",3029.8,on,,,,
ok,404,浅間嶺,903.0,"35.72005,139.10226",899.0,on,,,,
ok,405,空木岳,2864.0,"35.71905,137.81712",2861.9,on,,,,
ok,406,鳳凰山,2840.0,"35.70167,138.30472",2835.2,on,,,,
ok,407,南駒ヶ岳,2841.0,"35.70139,137.81083",2839.6,on,,,,
ok,408,三周ヶ岳,1292.02,"35.683627,136.300163",1292.0,on,,,,
ok,409,奥三界岳,1811.0,"35.6816666,137.5072222",1809.3,on,,,,
ok,410,甘利山,1731.0,"35.68139,138.37611",1743.2,on,,,,
ok,411,越百山,2613.0,"35.67944,137.80333",2611.2,on,,,,
ok,412,北岳,3193.0,"35.67432,138.23881",3191.0,on,,,,
ok,413,生藤山,990.0,"35.67245,139.13237",989.2,on,,,,
ok,414,高賀山,1224.18,"35.671666,136.859462",1217.6,on,,,,
ok,415,舟伏山,1040.23,"35.658322,136.681507",1039.7,on,,,,
ok,416,陣馬山,854.8,"35.65217,139.16651",854.8,on,,,,
ok,417,瓢ヶ岳,1162.57,"35.651435,136.88963",1160.7,on,,,,
ok,418,夕森天然公園,1515.0,"35.649452,137.548544",1520.2,on,,,,
ok,419,間ノ岳,3190.0,"35.64604,138.22835",3188.1,on,,,,
ok,420,安平路山,2363.0,"35.63042,137.77437",2363.8,on,,,,
ok,421,滝子山,1615.0,"35.63028,138.85083",1616.5,on,,,,
ok,422,高尾山,599.3,"35.62528,139.24361",598.4,on,,,,
ok,424,南木曽岳,1679.0,"35.59181,137.643626",1676.8,on,,,,
ok,425,横山岳,1131.7,"35.60155,136.26163",1131.2,on,,,,
ok,426,小津権現山,1157.75,"35.597503,136.494399",1157.1,on,,,,
ok,427,櫛形山,2052.0,"35.59097,138.37066",2051.0,on,,,,
ok,428,野坂岳,913.5,"35.58965,136.02458",912.6,on,,,,
ok,429,七七頭ヶ岳,693.1,"35.58626,136.21732",692.7,on,,,,
ok,430,石老山,694.0,"35.58524,139.19063",695.7,on,,,,
ok,431,塩見岳,3047.0,"35.57349,138.18336",3041.6,on,,,,
ok,432,天王山,537.62,"35.561087,136.866906",537.0,on,,,,
ok,433,古城山,407.0,"35.563278,136.768667",406.7,on,,,,
ok,434,黒岳,1793.0,"35.55194,138.74944",1791.8,on,,,,
ok,435,金糞岳,1317.0,"35.55011,136.33714",1314.6,on,,,,
ok,436,風越山,1535.12,"35.549419,137.78376",1534.6,on,,,,
ok,437,三ッ峠山,1785.0,"35.54916,138.80916",1779.6,on,,,,
ok,438,納古山,632.94,"35.54498,137.094142",624.1,on,,,,
ok,439,二上山,333.0,"35.540361,134.318944",331.5,on,,,,
ok,440,由良ヶ岳,640.0,"35.507513,135.256666",639.7,on,,,,
ok,441,赤坂山,823.8,"35.52008,136.02342",822.8,on,,,,
ok,442,貝月山,1234.25,"35.517785,136.422111",1231.9,on,,,,
ok,443,大室山,1587.6,"35.51096,139.06853",1587.0,on,,,,
ok,444,笠置山,1127.97,"35.510489,137.347794",1125.9,on,,,,
ok,445,久松山,263.1,"35.51031,134.24077",262.8,on,,,,
ok,446,朝日山,344.0,"35.50941,132.98078",341.4,on,,,,
ok,447,賤ヶ岳,421.1,"35.50609,136.19312",421.0,on,,,,
ok,449,悪沢岳,3141.0,"35.50076,138.18242",3141.8,on,,,,
ok,450,三十三間山,842.3,"35.49207,135.93006",840.6,on,,,,
ok,451,御正体山,1681.0,"35.48694,138.93167",1680.9,on,,,,
ok,452,嵩山,331.0,"35.48677,133.10774",316.6,on,,,,
ok,453,蛭ヶ岳,1673.0,"35.48634,139.13893",1671.3,on,,,,
ok,454,奥茶臼山,2474.0,"35.485,138.0691666",2472.2,on,,,,
ok,455,富士見台高原,1739.0,"35.483699,137.629726",1732.4,on,,,,
ok,456,檜洞丸,1601.0,"35.47901,139.10271",1600.9,on,,,,
ok,458,蘇武岳,1074.4,"35.47079,134.63808",1071.5,on,,,,
ok,459,国見岳,1122.6,"35.461798,136.421234",1120.0,on,,,,
ok,460,赤石岳,3121.0,"35.46122,138.15735",3120.7,on,,,,
ok,461,塔ノ岳,1491.0,"35.45407,139.16332",1489.3,on,,,,
ok,462,大江山,832.5,"35.45333,135.10667",830.4,on,,,,
ok,463,恵那山,2191.0,"35.44361,137.59722",2180.3,on,,,,
ok,464,池田山,923.85,"35.440952,136.516964",922.5,on,,,,
ok,465,大山,1252.0,"35.44083,139.23139",1247.9,on,,,,
ok,466,扇ノ山,1309.9,"35.43972,134.44083",1308.5,on,,,,
ok,467,孝霊山,751.4,"35.43767,133.47942",743.4,on,,,,
ok,468,金華山,329.0,"35.433338,136.781438",327.8,on,,,,
ok,469,船上山,615.0,"35.431083,133.598083",615.8,on,,,,
ok,470,金比羅山,383.0,"35.428244,136.945471",382.0,on,,,,
ok,471,打吹山,204.0,"35.42644,133.82197",203.6,on,,,,
ok,472,聖岳,3013.0,"35.422524,138.139639",3010.2,on,,,,
ok,473,笊ヶ岳,2629.0,"35.42417,138.25944",2628.5,on,,,,
ok,474,鷲峰山,920.6,"35.42278,134.04444",913.6,on,,,,
ok,475,東床尾山,839.1,"35.42193,134.91582",837.7,on,,,,
ok,476,鳩吹山,313.33,"35.418997,136.999028",313.2,on,,,,
ok,477,伊吹山,1377.0,"35.41777,136.40626",1375.3,on,,,,
ok,478,毛無山,1964.0,"35.41581,138.54387",1961.9,on,,,,
ok,479,八木山,296.0,"35.41508,136.929025",294.5,on,,,,
ok,480,鼻高山,536.3,"35.41261,132.75262",535.6,on,,,,
ok,481,三徳山,899.6,"35.385959,133.963485",899.0,on,,,,
ok,482,継鹿尾山,273.11,"35.396042,136.970338",272.6,on,,,,
ok,483,鉢伏山,1221.6,"35.39539,134.53635",1221.2,on,,,,
ok,484,甲ヶ山,1338.0,"35.39368,133.58238",1338.1,on,,,,
ok,485,百里ヶ岳,931.3,"35.39179,135.81009",930.9,on,,,,
ok,486,弥仙山,664.0,"35.39109,135.37807",666.6,on,,,,
ok,487,上河内岳,2803.0,"35.38962,138.15281",2804.0,on,,,,
ok,488,矢筈ヶ山,1359.0,"35.38672,133.58086",1357.5,on,,,,
ok,489,大野山,723.0,"35.38601,139.04879",722.4,on,,,,
ok,491,七面山,1989.0,"35.37044,138.35058",1982.0,on,,,,
ok,492,茶臼岳,2604.0,"35.3691666,138.1405555",2602.5,on,,,,
ok,493,氷ノ山,1510.0,"35.353946,134.51385",1509.1,on,,,,
ok,495,三森山,1100.3,"35.358131,137.488374",1100.4,on,,,,
ok,496,八ヶ峰,800.1,"35.35722,135.66806",799.2,on,,,,
ok,497,烏ヶ山,1448.0,"35.35582,133.57044",1450.6,on,,,,
ok,498,三国山,1251.9,"35.344649,134.014994",1244.2,on,,,,
ok,499,南宮山,419.23,"35.346689,136.509859",414.6,on,,,,
ok,500,天狗山,610.4,"35.33988,133.08306",604.0,on,,,,
ok,501,光岳,2591.0,"35.33819,138.08379",2591.4,on,,,,
ok,502,三角山,508.0,"35.33804,134.21882",511.2,on,,,,
ok,503,天園,147.4,"35.33584,139.57636",151.7,on,,,,
ok,504,皆ヶ山,1159.3,"35.33579,133.62232",1159.2,on,,,,
ok,505,池口岳,2392.0,"35.33025,138.03836",2379.1,on,,,,
ok,506,矢倉岳,870.0,"35.32861,139.03537",867.8,on,,,,
ok,507,上蒜山,1202.0,"35.326688,133.662385",1199.1,on,,,,
ok,509,蛇谷ヶ峰,901.7,"35.32042,135.92863",900.9,on,,,,
ok,510,弥勒山,436.6,"35.314528,137.065328",434.5,on,,,,
ok,511,大谷山,425.0,"35.308962,137.066662",412.8,on,,,,
ok,512,道樹山,429.0,"35.306473,137.071958",422.5,on,,,,
ok,513,山伏,2013.0,"35.3044444,138.2852777",2012.5,on,,,,
ok,514,長老ヶ岳,916.9,"35.30327,135.47399",916.3,on,,,,
ok,515,三原山,1115.2,"35.30155,134.06472",1114.8,on,,,,
ok,516,金時山,1212.0,"35.289716,139.004904",1211.4,on,,,,
ok,517,若杉山,1021.0,"35.28169,133.83767",1020.5,on,,,,
ok,518,霊仙山,1094.0,"35.27912,136.38122",1093.3,on,,,,
ok,520,三平山,1009.8,"35.27768,133.56889",1009.5,on,,,,
ok,521,三ヶ上,1035.0,"35.269167,133.946944",1034.2,on,,,,
ok,522,武奈ヶ岳,1214.0,"35.26462,135.89698",1213.3,on,,,,
ok,523,熊伏山,1654.0,"35.2633333,137.895",1650.5,on,,,,
ok,524,鎌倉山,730.4,"35.26329722,133.3601556",730.1,on,,,,
ok,525,養老山,859.31,"35.263081,136.523312",857.8,on,,,,
ok,526,東谷山,198,"35.256158,137.053203",194.8,on,,,,
ok,527,大無間山,2329.0,"35.25599,138.16155",2331.8,on,,,,
ok,528,津黒山,1117.8,"35.25175,133.81501",1117.6,on,,,,
ok,529,大楠山,241.3,"35.25007,139.62808",240.5,on,,,,
ok,530,岩巣山,481,"35.248599,137.155568",478.2,on,,,,
ok,531,篠井山,1394.4,"35.24768,138.42633",1390.9,on,,,,
ok,532,金ヶ谷山,1164.2,"35.245903,133.557822",1164.3,on,,,,
ok,533,角ヶ仙,1152.7,"35.24097,134.00408",1152.1,on,,,,
ok,534,毛無山,1218.4,"35.23561,133.51469",1216.5,on,,,,
ok,536,箱根山,1438.0,"35.23333,139.02083",1436.4,on,,,,
ok,538,茶臼山,1415,"35.227618,137.655539",1415.4,on,,,,
ok,540,玉峰山,820.4,"35.215611,133.104679",819.6,on,,,,
ok,541,夏焼城ヶ山,889.19,"35.214525,137.528679",889.2,on,,,,
ok,542,萩太郎山,1358.0,"35.214071,137.657979",1341.5,on,,,,
ok,544,蓬莱山,1174.0,"35.2094444,135.8858333",1173.2,on,,,,
ok,545,猿投山,629.0,"35.205896,137.166753",628.2,on,,,,
ok,546,八嶽山,1140.0,"35.205063,137.798502",1139.6,on,,,,
ok,547,皆子山,971.5,"35.20222,135.83528",969.4,on,,,,
ok,548,泉山,1209.1,"35.20221,133.95964",1208.1,on,,,,
ok,549,高宕山,330.0,"35.198278,139.9925",321.2,on,,,,
ok,550,黒法師岳,2068.0,"35.1961111,138.0294444",2068.0,on,,,,
ok,551,段ヶ峰,1103.4,"35.19159,134.72743",1102.9,on,,,,
ok,552,天狗棚,1240.0,"35.190239,137.580995",1236.8,on,,,,
ok,553,鈴北岳,1182.0,"35.18717,136.408642",1181.4,on,,,,
ok,554,後山,1344.6,"35.18686,134.41124",1343.8,on,,,,
ok,555,御池岳,1247.0,"35.17855,136.41474",1242.9,on,,,,
ok,556,雲取山,911.1,"35.1784387,135.7647085",910.6,on,,,,
ok,557,幕山,626.0,"35.17375,139.09138",626.5,on,,,,
ok,558,那岐山,1255.0,"35.17169,134.18028",1252.8,on,,,,
ok,559,滝山,1196.5,"35.16747,134.15082",1196.1,on,,,,
ok,560,爪ヶ城,1115.0,"35.16209,134.12544",1113.1,on,,,,
ok,561,鋸山,329.0,"35.16028,139.84098",323.6,on,,,,
ok,562,桟敷ヶ岳,895.8,"35.15918,135.71728",895.5,on,,,,
ok,563,藤原岳,1140.0,"35.15872,136.45282",1139.4,on,,,,
ok,565,櫃ヶ山,953.5,"35.15843,133.70671",953.0,on,,,,
ok,566,船通山,1142.4,"35.15593,133.17859",1142.1,on,,,,
ok,567,日本ヶ塚山,1107.0,"35.152816,137.790899",1104.8,on,,,,
ok,568,段戸山,1152.3,"35.152543,137.494947",1153.3,on,,,,
ok,569,花見山,1188.1,"35.15237,133.40123",1187.9,on,,,,
ok,570,日名倉山,1047.4,"35.14778,134.40861",1044.9,on,,,,
ok,571,千ヶ峰,1005.2,"35.14473,134.88391",1004.6,on,,,,
ok,572,星山,1030.3,"35.14194,133.67722",1021.3,on,,,,
ok,573,三坂山,902.5,"35.13893,133.74409",902.0,on,,,,
ok,574,寧比曽岳,1121.0,"35.137822,137.439142",1119.8,on,,,,
ok,575,三瓶山,1126.0,"35.140444,132.621583",1123.7,on,,,,
ok,576,三嶽,793.4,"35.12726,135.24488",792.9,on,,,,
ok,577,竜ヶ岳,1099.27,"35.119265,136.445163",1098.9,on,,,,
ok,578,高塚山,1621.0,"35.1155555,138.0036111",1621.2,on,,,,
ok,579,鯛ノ巣山,1026.4,"35.11394,132.91772",1025.7,on,,,,
ok,580,伊予ヶ岳,336.3,"35.10731,139.91399",335.3,on,,,,
ok,581,富山,349.6,"35.09889,139.88139",346.0,on,,,,
ok,582,御殿山,363.9,"35.08879,139.94774",362.7,on,,,,
ok,583,大万木山,1218.0,"35.08759,132.85453",1217.9,on,,,,
ok,584,岩古谷山,799.0,"35.087423,137.600875",802.1,on,,,,
ok,585,三池岳,971.49,"35.085947,136.442341",970.1,on,,,,
ok,586,猿政山,1267.7,"35.08127,132.96774",1266.9,on,,,,
ok,587,雪彦山,915.2,"35.07284,134.65129",914.7,on,,,,
ok,589,釈迦ヶ岳,1091.9,"35.06565,136.441544",1086.9,on,,,,
ok,590,比叡山,848.1,"35.065805,135.834417",847.0,on,,,,
ok,591,笠形山,939.4,"35.06415,134.83459",937.3,on,,,,
ok,592,大江高山,808.0,"35.06393,132.42872",807.5,on,,,,
ok,593,愛宕山,924.0,"35.06028,135.63417",922.8,on,,,,
ok,594,炮烙山,683.56,"35.060256,137.302894",683.5,on,,,,
ok,595,尾高山,533.0,"35.057073,136.466102",524.6,on,,,,
ok,596,六所山,611.0,"35.054921,137.284236",604.6,on,,,,
ok,597,三上山,432.0,"35.05028,136.03778",415.6,on,,,,
ok,598,明神山,1016.0,"35.049645,137.662479",1009.1,on,,,,
ok,599,琴引山,1013.4,"35.04817,132.78252",1012.0,on,,,,
ok,600,白髪岳,721.8,"35.04612,135.13474",719.7,on,,,,
ok,601,雨乞岳,1237.67,"35.021075,136.384118",1237.2,on,,,,
ok,602,御在所岳,1212.0,"35.02056,136.41778",1203.7,on,,,,
ok,603,七種山,683.0,"35.01586,134.70369",678.6,on,,,,
ok,604,綿向山,1110.0,"35.013691,136.341606",1105.9,on,,,,
ok,605,道後山,1268.4,"35.069495,133.232846",1268.6,on,,,,
ok,606,剣尾山,784.0,"35.00338,135.40386",782.6,on,,,,
ok,607,鎌ヶ岳,1161.0,"35.00142,136.42132",1158.7,on,,,,
ok,609,入道ヶ岳,905.54,"34.973857,136.433842",905.2,on,,,,
ok,610,比婆山,1264.0,"35.064991,133.056412",1257.0,on,,,,
ok,611,宮指路岳,946.0,"34.965007,136.402135",944.7,on,,,,
ok,612,仙ヶ岳,961.0,"34.951834,136.395452",959.4,on,,,,
ok,613,ポンポン山,678.8,"34.93528,135.62389",677.0,on,,,,
ok,614,荒戸山,761.8,"34.933029,133.372465",761.5,on,,,,
ok,615,妙見山,660.1,"34.92889,135.46722",659.7,on,,,,
ok,617,太神山,599.7,"34.91679,135.98429",594.2,on,,,,
ok,618,本宮山,789.0,"34.909734,137.42056",788.9,on,,,,
ok,619,天城山,1406.0,"34.86278,139.00167",1399.8,on,,,,
ok,620,天神山,777.3,"34.8574548,133.4288847",776.9,on,,,,
ok,621,宮路山,361.0,"34.848422,137.290838",357.2,on,,,,
ok,622,金木山,719.8,"34.83214167,132.1909639",719.0,on,,,,
ok,623,錫杖ヶ岳,676.0,"34.821317,136.355784",656.5,on,,,,
ok,624,高御位山,300.0,"34.81306,134.79278",299.9,on,,,,
ok,625,雲月山,911.2,"34.80213,132.23876",910.7,on,,,,
ok,626,阿佐山,1218.2,"34.78586,132.38131",1216.1,on,,,,
ok,627,帝釈山,586.1,"34.787203,135.118465",585.6,on,,,,
ok,628,六甲最高峰,931.3,"34.77798,135.26375",930.9,on,,,,
ok,629,経ヶ峰,819.26,"34.766455,136.374439",817.0,on,,,,
ok,630,熊山,507.8,"34.75804,134.12521",507.6,on,,,,
ok,631,神石山,324.67,"34.749902,137.474209",318.5,on,,,,
ok,632,座談山,309.0,"34.743651,137.463765",308.1,on,,,,
ok,633,摩耶山,702.0,"34.73306,135.20417",694.3,on,,,,
ok,634,鬼ノ城山,397.0,"34.72647,133.76292",394.3,on,,,,
ok,635,生駒山,642.0,"34.678466,135.678997",641.7,on,,,,
ok,636,臥龍山,1223.4,"34.69015,132.19678",1223.1,on,,,,
ok,637,横尾山,312.1,"34.66558,135.10832",311.4,on,,,,
ok,638,龍頭山,928.4,"34.66527222,132.4327556",927.8,on,,,,
ok,639,深入山,1152.7,"34.64994,132.20679",1152.3,on,,,,
ok,640,春日山,989.2,"34.62229,132.05474",988.0,on,,,,
ok,641,恐羅漢山,1346.4,"34.59556,132.12972",1345.4,on,,,,
ok,642,矢頭山,730.0,"34.573944,136.370083",730.2,on,,,,
ok,643,鷹ノ巣山,922.1,"34.56611,132.74611",918.9,on,,,,
ok,645,額井岳,821.3,"34.55883,135.96899",811.9,on,,,,
ok,646,尼ヶ岳,957.4,"34.55756,136.21975",956.7,on,,,,
ok,647,鎌倉寺山,610.0,"34.54667,132.68811",598.6,on,,,,
ok,648,堀坂山,757.0,"34.546536,136.432892",757.2,on,,,,
ok,649,三輪山,466.8,"34.53503,135.86681",466.6,on,,,,
ok,650,大洞山,984.8,"34.53346,136.21837",983.9,on,,,,
ok,651,倶留尊山,1037.3,"34.53098,136.17036",1037.0,on,,,,
ok,652,鎧岳,893.6,"34.52875,136.13025",893.6,on,,,,
ok,653,二上山,517.0,"34.52563,135.67754",516.3,on,,,,
ok,654,大神ヶ岳,1177.0,"34.51507,132.03922",1171.8,on,,,,
ok,655,住塚山,1009.2,"34.50967,136.08634",1008.1,on,,,,
ok,656,古光山,952.4,"34.50522,136.15244",951.3,on,,,,
ok,657,白木山,889.3,"34.521244,132.57543",888.5,on,,,,
ok,658,寒霞渓,816.7,"34.515333,134.317434",815.6,on,,,,
ok,659,学能堂山,1021.4,"34.49194,136.22977",1020.9,on,,,,
ok,660,冠山,1339.0,"34.468738,132.07608",1338.2,on,,,,
ok,661,青野山,907.6,"34.462181,131.798091",906.5,on,,,,
ok,662,安蔵寺山,1263.2,"34.477183,131.967222",1262.0,on,,,,
ok,663,音羽山,851.3,"34.47746,135.88712",851.3,on,,,,
ok,664,寂地山,1337.0,"34.467362,132.054397",1333.9,on,,,,
ok,665,朝熊ヶ岳,555.0,"34.460853,136.78137",553.0,on,,,,
ok,666,局ヶ岳,1028.7,"34.46049,136.32707",1028.5,on,,,,
ok,667,大和葛城山,958.9,"34.45615,135.68231",958.4,on,,,,
ok,669,三峰山,1235.2,"34.44861,136.20639",1232.8,on,,,,
ok,670,竜門岳,904.0,"34.4405555,135.8977777",900.6,on,,,,
ok,671,窓ヶ山,711.2,"34.43954,132.33624",706.9,on,,,,
ok,672,十種ヶ峰,988.8,"34.43833,131.69528",988.4,on,,,,
ok,673,高見山,1248.4,"34.42861,136.08833",1243.4,on,,,,
ok,674,呉娑々宇山,682.2,"34.42291,132.54784",681.3,on,,,,
ok,675,高山,319.9,"34.421847,131.176642",319.3,on,,,,
ok,676,金剛山,1125.0,"34.419041,135.672462",1123.4,on,,,,
ok,677,小五郎山,1161.7,"34.41681,132.00856",1161.6,on,,,,
ok,678,大峯山,1039.8,"34.41578,132.21695",1037.8,on,,,,
ok,679,鬼ヶ城山,1031.0,"34.40983056,132.0714639",1030.7,on,,,,
ok,680,高岳山,1040.7,"34.39996,131.78468",1040.3,on,,,,
ok,681,岩湧山,897.1,"34.37407,135.55103",896.9,on,,,,
ok,682,桧塚,1402.0,"34.365472,136.117167",1399.7,on,,,,
ok,683,明神岳,1432.0,"34.36093,136.094803",1430.5,on,,,,
ok,684,吉野山,858.0,"34.341417,135.887917",857.6,on,,,,
ok,685,馬山,199.0,"34.355973,136.712971",198.7,on,,,,
ok,686,羅漢山,1108.9,"34.35556,132.06722",1108.3,on,,,,
ok,687,弟見山,1085.3,"34.35339,131.77798",1084.7,on,,,,
ok,688,迷岳,1309.1,"34.35014,136.20749",1308.2,on,,,,
ok,689,和泉葛城山,858.0,"34.34798,135.43435",857.1,on,,,,
ok,690,屋島,292.1,"34.355682,134.104313",291.8,on,,,,
ok,691,三倉岳,701.8,"34.31711,132.14812",698.1,on,,,,
ok,692,池木屋山,1395.9,"34.31631,136.12959",1385.2,on,,,,
ok,694,花尾山,669.1,"34.28384,131.22102",668.8,on,,,,
ok,695,天応烏帽子岩山,410.0,"34.27987,132.53054",407.9,on,,,,
ok,696,弥山,530.0,"34.27961,132.31967",528.3,on,,,,
ok,697,飯野山,421.9,"34.27438,133.84584",421.5,on,,,,
ok,698,洲藻白岳,518.0,"34.263972,129.2495",515.8,on,,,,
ok,699,古鷹山,394.0,"34.25939,132.47472",388.9,on,,,,
ok,700,山上ヶ岳,1719.3,"34.25238,135.94093",1717.1,on,,,,
ok,701,馬糞ヶ岳,985.2,"34.25064,131.89633",985.2,on,,,,
ok,702,紫雲出山,352.1,"34.24364,133.59578",351.8,on,,,,
ok,703,鷲ヶ頭山,436.5,"34.23911,133.02141",435.9,on,,,,
ok,704,龍門山,755.9,"34.23806,135.41139",754.8,on,,,,
ok,705,稲村ヶ岳,1726.1,"34.23767,135.92361",1724.1,on,,,,
ok,706,楊柳山,1008.6,"34.23548,135.60676",1007.6,on,,,,
ok,707,諭鶴羽山,607.9,"34.23486,134.81409",604.4,on,,,,
ok,708,姫越山,502.93,"34.234249,136.417933",493.1,on,,,,
ok,709,龍護峰,425.5,"34.23298333,131.2807056",425.2,on,,,,
ok,710,大普賢岳,1780.1,"34.22778,135.96278",1775.0,on,,,,
ok,711,東鳳翩山,734.2,"34.22195,131.44286",734.0,on,,,,
ok,712,天上山,572.0,"34.21944,139.15306",560.5,on,,,,
ok,713,我拝師山,481.0,"34.21389,133.75472",480.7,on,,,,
ok,714,行者還岳,1546.5,"34.20467,135.94483",1546.3,on,,,,
ok,715,女体山,774.0,"34.19744,134.20133",764.6,on,,,,
ok,716,大麻山,616.3,"34.19667,133.78861",611.0,on,,,,
ok,717,大麻山,538.0,"34.18628,134.49952",538.4,on,,,,
ok,718,大台ヶ原山,1695.0,"34.18521,136.10919",1694.4,on,,,,
ok,719,大峰山,1915.0,"34.17356,135.90757",1914.0,on,,,,
ok,720,大滝山,946.0,"34.12304,134.12682",949.4,on,,,,
ok,721,大川山,1042.9,"34.11519,133.93972",1042.7,on,,,,
ok,722,釈迦ヶ岳,1800.0,"34.11433,135.90317",1799.3,on,,,,
ok,723,生石ヶ峰,870.1,"34.105073,135.334072",869.1,on,,,,
ok,724,天狗倉山,522.0,"34.090413,136.20635",510.5,on,,,,
ok,726,右田ヶ岳,426.0,"34.08657,131.55695",425.7,on,,,,
ok,727,伯母子岳,1344.0,"34.07749,135.65033",1343.8,on,,,,
ok,728,竜王山,613.9,"34.06833,130.93583",612.1,on,,,,
ok,729,護摩壇山,1372.0,"34.05738,135.56709",1369.9,on,,,,
ok,730,雲辺寺山,927.0,"34.03513,133.72292",919.5,on,,,,
ok,731,八鬼山,647.0,"34.030229,136.216427",645.5,on,,,,
ok,732,高越山,1133.0,"34.01713,134.19594",1126.5,on,,,,
ok,733,銭壺山,540.1,"34.01111,132.19667",538.4,on,,,,
ok,735,笠捨山,1352.6,"33.98278,135.89833",1352.1,on,,,,
ok,736,琴石山,545.2,"33.97341,132.14915",544.2,on,,,,
ok,737,中津峰山,773.0,"33.96244,134.50948",772.5,on,,,,
ok,738,東宮山,1090.5,"33.95536,134.23428",1090.2,on,,,,
ok,739,旭ヶ丸,1019.5,"33.95143,134.40268",1017.2,on,,,,
ok,740,高縄山,986.0,"33.94574,132.84996",986.0,on,,,,
ok,741,翠波峰,900.0,"33.94325,133.53697",891.7,on,,,,
ok,742,楢原山,1041.0,"33.94025,132.94444",1042.7,on,,,,
ok,743,石堂山,1636.0,"33.93849,133.96633",1635.7,on,,,,
ok,744,矢筈岳,811.1,"33.932513,135.355468",810.6,on,,,,
ok,745,津志嶽,1493.5,"33.931456,134.02894",1491.4,on,,,,
ok,746,豊受山,1247.0,"33.929111,133.478944",1247.6,on,,,,
ok,747,烏帽子山,1669.9,"33.92779722,133.9270833",1669.9,on,,,,
ok,748,玉置山,1076.8,"33.92667,135.83167",1075.2,on,,,,
ok,749,塩塚峰,1043.4,"33.92639,133.67583",1041.4,on,,,,
ok,750,矢筈山,1848.7,"33.92505,133.97491",1848.7,on,,,,
ok,751,八面山,1312.3,"33.92333,134.09972",1303.2,on,,,,
ok,752,赤星山,1453.2,"33.91937,133.45795",1453.0,on,,,,
ok,753,黒笠山,1700.0,"33.91811,134.00342",1695.3,on,,,,
ok,754,嘉納山,684.9,"33.91407,132.24531",693.8,on,,,,
ok,755,国見山,1409.0,"33.90753,133.78468",1408.8,on,,,,
ok,756,雲早山,1495.9,"33.90572,134.29475",1494.8,on,,,,
ok,757,東三方ヶ森,1232.7,"33.90282,132.95973",1230.6,on,,,,
ok,758,寒峰,1604.6,"33.90175,133.90399",1603.6,on,,,,
ok,759,冷水山,1262.3,"33.89917,135.65278",1259.8,on,,,,
ok,760,明神ヶ森,1216.9,"33.8941667,132.9177778",1202.5,on,,,,
ok,761,高城山,1632.0,"33.89159,134.23964",1627.0,on,,,,
ok,764,高丸山,1438.8,"33.887001,134.325228",1438.6,on,,,,
ok,765,笹ヶ峰,1016.0,"33.882601,133.6422443",1012.3,on,,,,
ok,766,佐々連尾山,1404.3,"33.88199,133.55409",1400.0,on,,,,
ok,767,西赤石山,1625.7,"33.87556,133.33972",1624.6,on,,,,
ok,768,東赤石山,1706.0,"33.87509,133.37503",1706.2,on,,,,
ok,769,丸笹山,1711.9,"33.87427,134.08993",1709.9,on,,,,
ok,770,太竜寺山,618.0,"33.87406,134.51978",615.3,on,,,,
ok,771,足立山,597.8,"33.859532,130.917218",597.0,on,,,,
ok,772,塔ノ丸,1713.0,"33.86676,134.03916",1707.6,on,,,,
ok,773,竜王山,1059.8,"34.115536,134.048156",1056.6,on,,,,
ok,774,奥工石山,1515.9,"33.85566,133.58003",1511.7,on,,,,
ok,775,一ノ森,1879.6,"33.85174,134.111154",1878.8,on,,,,
ok,776,次郎笈,1930.0,"33.84306,134.08611",1926.8,on,,,,
ok,777,剣山,1955.0,"33.853579,134.094286",1954.6,on,,,,
ok,778,三嶺,1894.0,"33.83941,133.98768",1893.6,on,,,,
ok,779,笹ヶ峰,1860.0,"33.82811,133.27458",1859.2,on,,,,
ok,780,天狗塚,1812.0,"33.82701,133.94332",1808.9,on,,,,
ok,781,大塔山,1121.8,"33.72692,135.713849",1120.3,on,,,,
ok,782,大座礼山,1587.5,"33.82111,133.39439",1587.1,on,,,,
ok,783,権田山,1605.5,"33.82084,134.15486",1604.2,on,,,,
ok,784,白髪山,1469.6,"33.81603,133.59075",1465.3,on,,,,
ok,785,平家平,1692.6,"33.81477,133.32639",1691.8,on,,,,
ok,786,寒風山,1763.0,"33.81163,133.26169",1763.3,on,,,,
ok,787,白髪山,1769.7,"33.81013333,133.992925",1769.3,on,,,,
ok,788,土佐矢筈山,1606.5,"33.80496,133.89336",1606.5,on,,,,
ok,789,綱附森,1643.1,"33.79915,133.94122",1642.8,on,,,,
ok,790,瓶ヶ森,1896.2,"33.79472,133.19333",1889.1,on,,,,
ok,791,子ノ泊山,907.2,"33.79444,135.93056",897.2,on,,,,
ok,792,西黒森,1861.0,"33.7943975,133.2059419",1856.9,on,,,,
ok,793,伊予富士,1756.0,"33.78801,133.24805",1755.6,on,,,,
ok,794,石立山,1707.7,"33.78485,134.05487",1707.4,on,,,,
ok,795,貫山,711.6,"33.78075,130.90936",711.5,on,,,,
ok,796,奥神賀山,1442.9,"33.772994,133.839735",1442.9,on,,,,
ok,797,梶ヶ森,1399.6,"33.75904,133.75151",1396.0,on,,,,
ok,798,二ノ森,1929.2,"33.75857,133.09386",1925.2,on,,,,
ok,799,堂ヶ森,1689.0,"33.755968,133.066845",1689.2,on,,,,
ok,800,岩黒山,1745.6,"33.75076,133.15699",1745.9,on,,,,
ok,801,稲叢山,1506.2,"33.74702,133.35929",1505.5,on,,,,
ok,802,福智山,900.6,"33.74219,130.80389",899.7,on,,,,
ok,803,石鎚山,1982.0,"33.76778,133.115104",1977.1,on,,,,
ok,804,石墨山,1456.0,"33.73379,132.98465",1456.2,on,,,,
ok,805,筒上山,1859.3,"33.73198,133.16118",1858.2,on,,,,
ok,806,手箱山,1806.2,"33.72878,133.17832",1806.3,on,,,,
ok,807,半作嶺,893.5,"33.72771,135.59725",892.9,on,,,,
ok,808,法師山,1120.6,"33.72583,135.66528",1110.0,on,,,,
ok,809,皿ヶ嶺,1278.0,"33.71534,132.89518",1278.0,on,,,,
ok,810,千羽ヶ岳,245.3,"33.708007,134.521186",244.8,on,,,,
ok,811,御在所山,1079.1,"33.70158056,133.8229333",1079.1,on,,,,
ok,812,湯桶丸,1372.0,"33.69706,134.16086",1371.2,on,,,,
ok,813,烏帽子山,909.6,"33.69611,135.90084",909.1,on,,,,
ok,815,立花山,367.1,"33.67976,130.46824",365.7,on,,,,
ok,816,千本山,1084.4,"33.674354,134.096106",1084.1,on,,,,
ok,818,雨ヶ森,1390.0,"33.6626694,133.1697472",1389.6,on,,,,
ok,819,国見山,925.9,"33.6392778,133.4268056",925.8,on,,,,
ok,820,大川嶺,1525.0,"33.564588,132.922691",1525.8,on,,,,
ok,821,壺神山,970.5,"33.60556667,132.5546111",970.5,on,,,,
ok,822,中津明神山,1540.6,"33.57552,133.04661",1540.0,on,,,,
ok,823,嶽ノ森山,376.0,"33.54522,135.71303",372.8,on,,,,
ok,824,宝満山,829.6,"33.53977,130.56905",826.5,on,,,,
ok,826,求菩提山,782.0,"33.540297,131.011454",777.4,on,,,,
ok,827,津波戸山,529.4,"33.51376,131.44786",528.9,on,,,,
ok,828,犬ガ岳,1130.8,"33.51241,131.00162",1124.0,on,,,,
ok,829,古処山,859.5,"33.48375,130.72546",857.3,on,,,,
ok,830,天狗高原,1484.9,"33.480686,133.015395",1484.5,on,,,,
ok,831,田原山,542.0,"33.47701,131.53542",534.7,on,,,,
ok,832,英彦山,1199.0,"33.476253,130.92596",1198.8,on,,,,
ok,833,五段高原,1455.6,"33.47284,132.98664",1456.1,on,,,,
ok,834,大野ヶ原,1402.8,"33.4722041,132.8658473",1402.4,on,,,,
ok,835,野根山街道,1083.0,"33.476262,134.130568",1085.1,on,,,,
ok,836,井原山,983.0,"33.47041,130.24975",981.1,on,,,,
ok,837,金山,967.2,"33.46354,130.30586",967.0,on,,,,
ok,839,蟠蛇森,769.3,"33.44117,133.25956",769.5,on,,,,
ok,840,不入山,1336.1,"33.44083,133.06306",1335.7,on,,,,
ok,842,鹿嵐山,758.1,"33.43471,131.25276",745.0,on,,,,
ok,843,脊振山,1055.2,"33.436372,130.368659",1052.7,on,,,,
ok,844,九千部山,847.5,"33.41673,130.44605",846.4,on,,,,
ok,845,作礼山,887.1,"33.35698,130.06594",886.4,on,,,,
ok,846,天山,1046.2,"33.33891,130.14293",1046.1,on,,,,
ok,847,高森山,634.9,"33.32722,132.54194",630.5,on,,,,
ok,848,鶴見岳,1374.5,"33.28667,131.42972",1372.5,on,,,,
ok,849,由布岳,1583.0,"33.28229,131.39024",1582.7,on,,,,
ok,850,万年山,1140.2,"33.23132,131.13053",1139.9,on,,,,
ok,851,黒髪山,516.0,"33.21389,129.90222",503.8,on,,,,
ok,852,高月山,1228.8,"33.20868056,132.6346417",1228.8,on,,,,
ok,853,鬼ヶ城山,1151.0,"33.19068,132.60939",1143.3,on,,,,
ok,854,三本杭,1225.7,"33.18833,132.63528",1224.2,on,,,,
ok,855,釈迦ガ岳,1230.8,"33.186876,130.886974",1229.3,on,,,,
ok,856,志々伎山,347.2,"33.17521,129.37269",345.4,on,,,,
ok,857,障子岳,1703.0,"32.810584,131.348101",1700.9,on,,,,
ok,859,涌蓋山,1499.5,"33.13994,131.16446",1499.3,on,,,,
ok,860,譲ヶ葉森,1015.6,"33.12333,132.62056",1010.7,on,,,,
ok,862,三俣山,1744.8,"33.10403,131.24653",1744.0,on,,,,
ok,863,大船山,1786.2,"33.09499,131.28064",1786.3,on,,,,
ok,864,虚空蔵山,608.5,"33.09056,129.92139",599.2,on,,,,
ok,866,八方ガ岳,1051.8,"33.07042,130.83474",1051.8,on,,,,
ok,867,篠山,1064.6,"33.05583,132.65917",1059.3,on,,,,
ok,868,経ガ岳,1075.7,"32.98747,130.07621",1063.4,on,,,,
ok,869,多良岳,996.0,"32.97561,130.09277",988.2,on,,,,
ok,870,小岱山,501.4,"32.984574,130.5273",500.5,on,,,,
ok,871,鞍岳,1118.6,"32.953382,130.9339",1117.3,on,,,,
ok,872,元越山,581.5,"32.90428,131.96332",580.8,on,,,,
ok,873,阿蘇山,1592.0,"32.88417,131.10389",1590.5,on,,,,
ok,875,烏帽子岳,1691.2,"32.515356,131.007796",1691.1,on,,,,
ok,876,越敷岳,1061.0,"32.85312,131.30444",1067.5,on,,,,
ok,877,大障子,1451.0,"32.847779,131.387265",1453.6,on,,,,
ok,878,二ノ岳,685.4,"32.84445,130.62227",684.5,on,,,,
ok,879,傾山,1605.0,"32.83889,131.47583",1588.4,on,,,,
ok,881,祖母山,1756.0,"32.82816,131.34705",1756.1,on,,,,
ok,882,古祖母山,1633.0,"32.80278,131.36444",1627.7,on,,,,
ok,883,夏木山,1386.0,"32.77654,131.50915",1384.0,on,,,,
ok,884,九千部岳,1062.7,"32.77546,130.26065",1061.6,on,,,,
ok,885,五葉岳,1569.7,"32.77131,131.48806",1567.7,on,,,,
ok,886,雲仙岳,1359.0,"32.759861,130.292056",1356.3,on,,,,
ok,888,二ツ岳,1257.1,"32.754361,131.402067",1265.4,on,,,,
ok,889,大崩山,1644.0,"32.73778,131.51307",1640.3,on,,,,
ok,890,妹背山,403.8,"32.72694,132.55417",403.5,on,,,,
ok,891,鉾岳,1277.0,"32.70328,131.51491",1267.5,on,,,,
ok,892,七ツ岳,431.5,"32.68269,128.70574",430.7,on,,,,
ok,893,八郎岳,590.0,"32.670224,129.856528",589.6,on,,,,
ok,894,可愛岳,727.7,"32.65616,131.65604",726.4,on,,,,
ok,895,比叡山,918.0,"32.652196,131.462127",917.1,on,,,,
ok,896,祇園山,1307.1,"32.637496,131.18451",1297.9,on,,,,
ok,897,諸塚山,1341.5,"32.63459,131.28742",1341.2,on,,,,
ok,898,行縢山,829.9,"32.62593,131.57227",827.7,on,,,,
ok,899,小川岳,1542.1,"32.6053944,131.1206889",1541.6,on,,,,
ok,900,天主山,1494.1,"32.59967,131.02873",1493.5,on,,,,
ok,901,京丈山,1472.4,"32.5795528,130.9505972",1472.2,on,,,,
ok,902,白岩山,1620.0,"32.56575,131.11016",1610.0,on,,,,
ok,903,大金峰,1395.9,"32.55201,130.91017",1393.2,on,,,,
ok,904,国見岳,1738.7,"32.54722,131.01833",1734.1,on,,,,
ok,905,扇山,1661.3,"32.517018,131.12755",1659.4,on,,,,
ok,906,次郎丸岳,397.1,"32.47885,130.40665",396.0,on,,,,
ok,908,白鳥山,1638.8,"32.46265,131.01383",1638.9,on,,,,
ok,909,倉岳,682.2,"32.42781,130.32699",681.6,on,,,,
ok,910,三方岳,1479.0,"32.37471,131.19549",1476.0,on,,,,
ok,911,仰烏帽子山,1301.8,"32.37149,130.77765",1293.9,on,,,,
ok,912,市房山,1721.0,"32.31167,131.10111",1720.4,on,,,,
ok,913,石堂山,1547.4,"32.30027,131.16779",1540.5,on,,,,
ok,914,尾鈴山,1405.0,"32.29917,131.42667",1401.4,on,,,,
ok,915,地蔵岳,1089.0,"32.28113,131.29662",1083.6,on,,,,
ok,916,白髪岳,1416.7,"32.15028,130.94333",1414.6,on,,,,
ok,917,矢筈岳,687.3,"32.12278,130.40056",676.5,on,,,,
ok,918,紫尾山,1066.8,"31.98082,130.36764",1064.2,on,,,,
ok,919,白鳥山（霧島山）,1363.1,"31.95658,130.83811",1363.1,on,,,,
ok,920,霧島山,1700.0,"31.93417,130.86167",1699.6,on,,,,
ok,921,高千穂峰,1574.0,"31.88622,130.91892",1572.5,on,,,,
ok,922,釈迦ガ岳,831.0,"32.058611,131.221806",828.3,on,,,,
ok,923,双石山,509.3,"31.79819,131.37589",504.7,on,,,,
ok,924,冠岳,516.4,"31.748662,130.331186",514.7,on,,,,
ok,925,牛ノ峠,918.0,"31.66925,131.158809",917.3,on,,,,
ok,927,大箆柄岳,1236.8,"31.48611,130.81861",1229.4,on,,,,
ok,929,野間岳,591.1,"31.40456,130.15821",590.8,on,,,,
ok,930,甫与志岳,966.9,"31.26414,130.99011",965.3,on,,,,
ok,931,開聞岳,924.0,"31.17996,130.52844",919.0,on,,,,
ok,933,愛子岳,1235.0,"30.3662029,130.6002478",1223.5,on,,,,
ok,934,宮之浦岳,1936.0,"30.33608,130.50411",1935.0,on,,,,
ok,935,黒味岳,1831.0,"30.31742,130.50855",1834.6,on,,,,
ok,936,モッチョム岳,944.0,"30.25667,130.56417",927.6,on,,,,
