id,field,claim,tokens,verdict,missing
TH-gsi-hatanagi,attrs.restriction,林道東俣線は市長の許可制。登山・釣り等のレジャー目的の通行は許可されない（徒歩・軽車両・緊急車両を除く）,レジャー目的 林道東俣線,一致,
TH-gsi-hatanagi,attrs.season,林道東俣線は冬期閉鎖（2025年は12月26日〜2026年4月25日、徒歩・自転車を含め全面通行禁止）,冬期閉鎖 林道東俣線,一致,
TH-gsi-hatanagi,name,畑薙第一ダム（沼平・林道東俣線方面）,畑薙第一ダム,一致,
TH-gsi-hatanagi,notes,OSMの登山道との接続は未確認,,照合の根拠（本データ側の記録）,
TH-gsi-hatanagi,notes,椹島方面の各登山口へは、県道60号の終点・沼平から先の林道東俣線を通る（環境省・静岡市）,60 各登山口 林道東俣線 椹島方面,一致,
TH-gsi-hatanagi,notes,静岡市が林道東俣線の通行規制情報を公開している。入山前に確認すること（静岡市）,林道東俣線 通行規制情報,一致,
TH-gsi-hatanagi,notes,静岡市南アルプスユネスコエコパークにおける林道の管理に関する条例により、林道東俣線の通行は市長の許可が必要（静岡市）,林道東俣線 静岡市南アルプスユネスコエコパーク,一致,
TH-gsi-hatasaka,attrs.course,旗坂キャンプ場が升沢コースの入山口。山頂まで7.6km（大和町）,7.6km 升沢コース 旗坂キャンプ場,一致,
TH-gsi-hatasaka,attrs.parking,広い駐車場とトイレがある（大和町）,,照合語なし,
TH-gsi-hatasaka,attrs.season,旗坂キャンプ場は4月下旬〜11月下旬（天候により変更あり）（大和町）,11月 4月 旗坂キャンプ場,一致,
TH-gsi-hatasaka,name,旗坂キャンプ場（升沢コース入口）,旗坂キャンプ場,一致,
TH-gsi-hatasaka,notes,大和町吉岡から車で約40分（大和町）,40分 大和町吉岡,一致,
TH-gsi-hotaka-jinja,attrs.parking,近くに裏見の滝駐車場（普通車無料・20台）がある（群馬県）,20台 普通車無料 滝駐車場,一致,
TH-gsi-hotaka-jinja,name,武尊神社,武尊神社,一致,
TH-gsi-hotaka-jinja,notes,武尊山の登山道には、クサリ・ハシゴのある箇所や、段差が大きく歩きにくい急坂がある（群馬県）,,照合語なし,
TH-gsi-hotaka-jinja,notes,"武尊山（2,158m）は群馬県北部の片品村・川場村・みなかみ町にまたがる（林野庁）","2,158m 群馬県北部",一致,
TH-gsi-mitsue-ryokomura,name,みつえ青少年旅行村（三峰山 御杖村側登山口）,青少年旅行村,一致,
TH-gsi-mitsue-ryokomura,notes,1〜2月の霧氷シーズンには御杖村観光協会主催の「三峰山霧氷まつり」が行われる（御杖村）,2月 三峰山霧氷 御杖村観光協会主催 霧氷シーズン,一致,
TH-gsi-mitsue-ryokomura,notes,OSMの登山道との接続は未確認,,照合の根拠（本データ側の記録）,
TH-gsi-mitsue-ryokomura,notes,クマの目撃情報があり、音の出る物やクマよけスプレーの携帯が求められている（御杖村）,スプレー 目撃情報,一致,
TH-gsi-mitsue-ryokomura,notes,"三峰山（1,235m）の御杖村側の登山口。ゆりわれ・月出・福本は三重県側の登山口（御杖村）","1,235m 三重県側 御杖村側",一致,
TH-gsi-mitsue-ryokomura,notes,年末年始は路面凍結のおそれがあり、冬用タイヤと防寒装備が必要（御杖村）,冬用タイヤ 年末年始 路面凍結 防寒装備,語句の一部が見つからない,冬用タイヤ 路面凍結 防寒装備
TH-gsi-mitsue-ryokomura,notes,誤った登山口へ下山する例があり、詳細な登山マップの持参が呼びかけられている（御杖村）,登山マップ,一致,
TH-gsi-nishinomata,attrs.forestRoad,国道108号の秋ノ宮地区にある旧中山小学校前から役内集落へ。大役内林道から西ノ又林道を経て、林道終点が登山口。JR横堀駅から登山口まで車で約30分（秋田県）,108 30分 大役内林道 役内集落 旧中山小学校前 林道終点 秋ノ宮地区 西ノ又林道,一致,
TH-gsi-nishinomata,name,西ノ又コース登山口（西ノ又林道）,,目視で確認,秋田県の山岳グレーディングに「西ノ又コース」「西ノ又林道」と、林道終点の「登山口」（416m）がある。名称はこれらを組み合わせたもの
TH-gsi-nishinomata,notes,ルート全長13.0km、標高差949.0m、コースタイム7時間45分、グレード4C（秋田県 山岳グレーディング）,13.0km 45分 7時間 949.0m グレード コースタイム ルート全長,一致,
TH-gsi-nishinomata,notes,西ノ又コースは吊橋や渡渉があり、吊橋は一人ずつ渡る。二ノ渡先の急斜面の巻き道は足元に注意（秋田県 山岳グレーディング）,二ノ渡先 西ノ又コース,一致,
TH-gsi-odangenaru,attrs.course,大段ヶ平コースは2.8km、登り約1時間40分（大段ヶ平登山口→神大ヒュッテ→山頂）（氷ノ山登山マップ）,1時間 2.8km 40分 大段ヶ平コース 大段ヶ平登山口 神大ヒュッテ,一致,
TH-gsi-odangenaru,attrs.registration,入山届は最寄りの施設または登山届提出所へ。下山したら下山届（電話でも可）を出す（氷ノ山登山マップ）,登山届提出所,一致,
TH-gsi-odangenaru,name,大段ヶ平登山口,大段ヶ平登山口,一致,
TH-gsi-odangenaru,notes,氷ノ山の登山コースは、若桜町の氷ノ越・仙谷・三ノ丸、宍粟市の殿下・坂の谷、養父市の氷ノ山越・東尾根・大段ヶ平。仙谷コースは上級者向けで下山には使えない（氷ノ山登山マップ）,上級者向 仙谷コース 大段ヶ平 氷ノ山越 登山コース,一致,
TH-gsi-seigakuso,name,清岳荘,,照合語なし,
TH-gsi-seigakuso,notes,OSMの登山道からは離れているため、登山道との接続は未確認,,照合の根拠（本データ側の記録）,
TH-gsi-seigakuso,notes,斜里岳道立自然公園には車馬等の乗入れ規制区域がある（北海道庁）,斜里岳道立自然公園 規制区域,一致,
TH-gsi-seigakuso,notes,登山口は清岳荘の裏から始まる（北海道庁）,,照合語なし,
TH-gsi-takasedam,attrs.bus,"七倉ゲート前から高瀬ダムまでは特定タクシー（約15分・4人乗り2,700円）か徒歩（大町市観光協会）","15分 2,700円 4人 七倉ゲート前 特定タクシー 高瀬ダム",一致,
TH-gsi-takasedam,attrs.restriction,七倉から先は一般車で入れない（特定タクシーか徒歩）,,照合語なし,
TH-gsi-takasedam,name,高瀬ダム（ブナ立尾根登山口）,高瀬ダム,一致,
TH-gsi-takasedam,notes,OSMの登山道との接続は未確認,,照合の根拠（本データ側の記録）,
TH-gsi-takasedam,notes,高瀬ダム登山口はブナ立尾根・烏帽子岳・野口五郎小屋方面の登山口（大町市観光協会）,ブナ立尾根 烏帽子岳 野口五郎小屋方面 高瀬ダム登山口,一致,
TH-kP11-22-03-bs1529,attrs.restriction,立入規制（岩手山西側）,立入規制,一致,
TH-kP11-22-03-bs1529,name,県民の森登山口（立入規制中）,森登山口,一致,
TH-kP11-22-03-bs1529,notes,岩手山の噴火警戒レベルは2026年8月27日にレベル2からレベル1へ引き下げられた（仙台管区気象台）,2026年 27日 8月 噴火警戒レベル,一致,
TH-kP11-22-03-bs1529,notes,火山活動が比較的活発な西側は、安全確認等のため引き続き立入規制。対象は犬倉山分岐（雫石町）・県民の森登山口（八幡平市）・松川キャンプ場登山口（八幡平市）（東北森林管理局）,八幡平市 安全確認等 松川キャンプ場登山口 森登山口 比較的活発 火山活動 犬倉山分岐 立入規制,一致,
TH-kP11-22-03-bs1529,notes,県民の森登山口は立入規制の対象（東北森林管理局）,森登山口 立入規制,一致,
TH-kP11-22-05-bs2168,attrs.restriction,旭又登山道・仁別林道は2023年7月の豪雨被害で通行止め,2023年 7月 仁別林道 旭又登山道 豪雨被害,語句の一部が見つからない,豪雨被害
TH-kP11-22-05-bs2168,notes,旭又登山口から御滝神社までの橋3か所が流出し、法面崩壊もあり通行できない（秋田市）,御滝神社 旭又登山口 法面崩壊,一致,
TH-kP11-22-05-bs2168,notes,旭又登山口に至る林道は、旭川ダム公園そばの林道起点から全面通行止め（秋田市、2026年9月15日更新）,全面通行止 旭又登山口 旭川ダム公園 林道起点,一致,
TH-kP11-22-05-bs2168,notes,旭又登山口の公衆トイレは取水口の埋没などで使用できず閉鎖（秋田市）,公衆トイレ 旭又登山口,一致,
TH-kP11-22-05-bs2168,notes,旭又登山口へ至る仁別林道は旭川ダム公園すぐの起点から全面通行止め（秋田市）,仁別林道 全面通行止 旭又登山口 旭川ダム公園,一致,
TH-kP11-22-05-bs2168,notes,最も登山者が多いのは旭又コースで、山頂まで約3時間（秋田市）,3時間 旭又コース,一致,
TH-kP11-22-14-bs5769,name,ヤビツ峠,ヤビツ峠,語句が見つからない,ヤビツ峠
TH-kP11-22-15-bs7775,notes,この地点がどの登山口かは未確認,,照合の根拠（本データ側の記録）,
TH-kP11-22-15-bs7775,notes,アイガメの滝・行者の滝付近は足場が悪く雪渓が遅くまで残るため、初夏を過ぎてもアイゼン・ピッケルが必要な年がある（新潟県警察）,アイガメ アイゼン ピッケル,一致,
TH-kP11-22-15-bs7775,notes,巻機山の沢コースは鎖のない岩場や草付き斜面での転落・滑落が多く、落石も多い（新潟県警察）,沢コース,一致,
TH-kP11-22-15-bs7775,notes,登山計画書は登山口の提出箱・警察署・県警本部のいずれかへ（新潟県警察）,登山計画書 県警本部,語句の一部が見つからない,県警本部
TH-kP11-22-19-bs3165,attrs.fee,"通行料（使用料）4,000円","4,000円",一致,
TH-kP11-22-19-bs3165,attrs.restriction,"1日4,000人超で通行規制、午後2時〜翌午前3時の入山は山小屋宿泊者のみ","1日 2時 3時 4,000人 山小屋宿泊者 通行規制",語句の一部が見つからない,通行規制
TH-kP11-22-19-bs3165,name,富士スバルライン五合目（吉田ルート登山口）,富士スバルライン五合目,一致,
TH-kP11-22-19-bs3165,notes,2026年度は吉田ルートと須走ルートの開山日が7月1日に統一され、同日から登山規制（山梨県）,1日 2026年 7月 吉田ルート 登山規制 須走ルート,一致,
TH-kP11-22-19-bs3165,notes,富士スバルライン五合目の登山道入口付近にゲートが設置される（山梨県）,富士スバルライン五合目 登山道入口付近,一致,
TH-kP11-22-19-bs3165,notes,"静岡県側（須走・富士宮・御殿場）はWeb登録と入山料4,000円、午後2時〜午前3時の入山は山小屋宿泊が要件（静岡県）","2時 3時 4,000円 山小屋宿泊 静岡県側",一致,
TH-kP11-22-20-bs464,name,戸隠牧場（高妻山登山口）,戸隠牧場,一致,
TH-kP11-22-20-bs464,notes,戸隠キャンプ場の向かいに駐車場がある（環境省）,戸隠キャンプ場,一致,
TH-kP11-22-20-bs464,notes,長野県登山安全条例の指定登山道では登山計画書の提出が必要,指定登山道 登山計画書 長野県登山安全条例,一致,
TH-kP11-22-20-bs464,notes,"高妻山（2,353m）は戸隠連峰の最高峰。戸隠牧場から弥勒新道・五地蔵山を経て山頂へ至るルートが一般的（林野庁・環境省）","2,353m 五地蔵山 弥勒新道 戸隠牧場 戸隠連峰",一致,
TH-kP11-22-20-bs5535,attrs.parking,車山肩駐車場 約140台（霧ヶ峰自然保護センター）,,目視で確認,霧ヶ峰自然保護センターの駐車場地図に「車山肩 約140」などの台数がある
TH-kP11-22-20-bs5535,name,車山肩（霧ヶ峰・車山登山口）,,照合語なし,
TH-kP11-22-20-bs5535,notes,霧ヶ峰には八島（約70台）・車山肩（約140台）・自然保護センター北側（約70台）・霧ヶ峰IC（約100台）・霧ヶ峰第1第2（約300台）の駐車場がある（霧ヶ峰自然保護センター）,,目視で確認,霧ヶ峰自然保護センターの駐車場地図に「車山肩 約140」などの台数がある
TH-kP11-22-20-bs655,attrs.restriction,猿倉駐車場は閉鎖中。八方バスターミナルからタクシー・バスを利用,タクシー 八方バスターミナル 猿倉駐車場,一致,
TH-kP11-22-20-bs655,name,猿倉（白馬岳登山口）,,照合語なし,
TH-kP11-22-20-bs655,notes,県道白馬岳線（二股〜猿倉）は2026年4月24日に開通したが、猿倉駐車場は閉鎖が続いている（白馬村）,2026年 24日 4月 猿倉駐車場 県道白馬岳線,一致,
TH-kP11-22-20-bs655,notes,長野県登山安全条例により、指定登山道では登山計画書の提出が必要（長野県）,指定登山道 登山計画書 長野県登山安全条例,一致,
TH-kP11-22-20-bs899,name,飯綱登山口（飯縄山 一の鳥居）,飯綱登山口,語句が見つからない,飯綱登山口
TH-kP11-22-20-bs899,notes,公式データのバス停名と、地理院地図で徒歩道が道路から始まる位置（57m差）が一致,,照合の根拠（本データ側の記録）,
TH-kP11-22-20-bs899,notes,名称は国土数値情報（国土交通省）のバス停「飯綱登山口」による,,照合の根拠（本データ側の記録）,
TH-kP11-22-20-bs899,notes,長野県登山安全条例の指定登山道では登山計画書の提出が必要,指定登山道 登山計画書 長野県登山安全条例,一致,
TH-kP11-22-46-bs2032,attrs.restriction,霧島山（新燃岳）の噴火警戒レベル2。火口から概ね2kmが警戒範囲,2km 噴火警戒レベル 警戒範囲,一致,
TH-kP11-22-46-bs2032,name,高千穂河原（高千穂峰登山口）,高千穂河原,語句が見つからない,高千穂河原
TH-kP11-22-46-bs2032,notes,火山活動により中岳・新燃岳方面の登山道が規制される。入山前に霧島市・宮崎県と気象庁の情報を確認すること,,注意喚起（出典の要約ではない）,
TH-n10946212273,name,日光白根山ロープウェイ山頂駅（丸沼高原）,日光白根山ロープウェイ山頂駅,語句が見つからない,日光白根山ロープウェイ山頂駅
TH-n10961407962,attrs.bus,近鉄下市口駅から奈良交通バス 天川川合下車,天川川合下車 奈良交通バス 近鉄下市口駅,語句の一部が見つからない,近鉄下市口駅
TH-n10961407962,name,天川川合（弥山・八経ヶ岳 川合コース登山口）,天川川合,一致,
TH-n10961407962,notes,川合八経ヶ岳コースの起点。奈良交通バス天川川合で下車する（天川村）,奈良交通バス天川川合 川合八経ヶ岳コース,一致,
TH-n11119841164,notes,この地点がどの登山口かは未確認,,照合の根拠（本データ側の記録）,
TH-n11119841164,notes,"泉ヶ岳（1,175m）の登山コースは泉ヶ岳自然ふれあい館を起点とするものがあり、水神コースは片道約2時間で難易度が低い（国土交通省 多言語解説データベース）","1,175m 2時間 水神コース 泉ヶ岳自然 登山コース",語句の一部が見つからない,登山コース
TH-n11348362013,name,八海山ロープウェー山頂駅（4合目）,八海山ロープウェー山頂駅,一致,
TH-n11348362013,notes,"八海山（1,778m）は山岳信仰の山。登山路は3ルートあり、ロープウェーで4合目まで上がれる（新潟県）","1,778m ロープウェー 山岳信仰",語句の一部が見つからない,山岳信仰
TH-n1150843773,attrs.parking,美ヶ原長和町駐車場 普通車60台・バス5台,5台 60台 美ヶ原長和町駐車場,語句が見つからない,美ヶ原長和町駐車場
TH-n1150843773,attrs.season,松本市街から美ヶ原高原へ向かう道路は例年11月下旬〜4月中旬が冬期通行止め（松本市）,11月 4月 冬期通行止 松本市街 美ヶ原高原,一致,
TH-n1150843773,name,山本小屋ふる里館前（美ヶ原 長和町側駐車場）,山本小屋,一致,
TH-n1150843773,notes,松本市が美ヶ原高原へのアクセスの通行規制情報を公開している（松本市）,アクセス 美ヶ原高原 通行規制情報,一致,
TH-n1150843773,notes,美ヶ原には美ヶ原高原大駐車場（道の駅、普通車800台）・長和町駐車場（60台）・美ヶ原自然保護センター前（150台）の3か所の駐車場がある（美ヶ原高原）,150台 60台 800台 美ヶ原自然保護センター前 美ヶ原高原大駐車場 長和町駐車場,語句の一部が見つからない,美ヶ原高原大駐車場 長和町駐車場
TH-n11829365160,attrs.cable,観光リフトで大平山展望台へ上がれる（大田市）,大平山展望台 観光リフト,一致,
TH-n11829365160,attrs.parking,東の原駐車場（大田市）,原駐車場,一致,
TH-n11829365160,name,三瓶山 東の原（登山口・観光リフト）,,照合語なし,
TH-n11829365160,notes,三瓶山は大山隠岐国立公園に含まれる（島根県）,大山隠岐国立公園,語句が見つからない,大山隠岐国立公園
TH-n11829365160,notes,東の原は女三瓶山・大平山・室内池へ向かうコースの起点（大田市）,女三瓶山,一致,
TH-n11977956511,attrs.cable,"剣山観光登山リフト 見ノ越駅（標高1,420m）〜西島駅（標高1,750m）約15分。営業は4月中旬〜11月末頃（2026年は4月18日〜11月30日予定）","1,420m 1,750m 11月 15分 4月 剣山観光登山リフト 見ノ越駅",一致,
TH-n11977956511,attrs.fee,"リフト 大人往復2,300円・片道1,300円（2026年4月1日〜）","1,300円 2,300円 大人往復",一致,
TH-n11977956511,attrs.parking,駐車場あり（中型バス可）（徳島県）,中型バス可,語句が見つからない,中型バス可
TH-n11977956511,name,見ノ越（剣山登山口）,,照合語なし,
TH-n11977956511,notes,見ノ越に剣山観光登山リフトの乗り場（見ノ越駅）がある（剣山観光登山リフト）,剣山観光登山リフト 見ノ越駅,一致,
TH-n11977956512,name,西島（剣山観光登山リフト 西島駅）,,照合語なし,
TH-n11977956512,notes,剣山観光登山リフトの山上側の駅（剣山観光登山リフト）,剣山観光登山リフト,一致,
TH-n12064167906,name,菅平牧場（四阿山・根子岳登山口）,菅平牧場,一致,
TH-n12064167906,notes,"菅平牧場は四阿山（2,354m）・根子岳（2,207m）の登山口（長野県・環境省）",,目視で確認,長野県の山のグレーディング地図に四阿山2354・根子岳2207の標高がある
TH-n12064167906,notes,長野県登山安全条例の指定登山道では登山計画書の提出が必要,指定登山道 登山計画書 長野県登山安全条例,一致,
TH-n12292903156,attrs.parking,県道21号終点の大峯大橋駐車場（有料）,21 大峯大橋駐車場,一致,
TH-n12292903156,attrs.restriction,山上ヶ岳は大峯大橋・五番関・阿弥陀ヶ森・レンゲ辻に女人結界門があり、宗教上の理由で男性のみ入山可,レンゲ辻 大峯大橋 女人結界門 山上ヶ岳 阿弥陀ヶ森,一致,
TH-n12292903156,attrs.season,山上ヶ岳の戸開け期間は5月3日〜9月23日,23日 3日 5月 9月 山上ヶ岳,一致,
TH-n12292903156,name,母公堂（稲村ヶ岳登山口／洞川）,,照合語なし,
TH-n12292903156,notes,レンゲ辻コースは登山道が不明確な箇所があり、初心者には尾根コースが案内されている（天川村）,レンゲ辻コース 尾根コース,語句の一部が見つからない,レンゲ辻コース
TH-n12292903156,notes,国土地理院の地名との差が233mあり、登山口そのものの位置は目視未確認,,照合の根拠（本データ側の記録）,
TH-n12292903156,notes,山上ヶ岳の主な登山口である大峯大橋・五番関・阿弥陀ヶ森・レンゲ辻には女人結界門がある（天川村）,レンゲ辻 大峯大橋 女人結界門 山上ヶ岳 阿弥陀ヶ森,一致,
TH-n12292903156,notes,母公堂（天川村洞川）は稲村ヶ岳の登山口にあたる,天川村洞川 稲村ヶ岳,語句の一部が見つからない,天川村洞川
TH-n12292903156,notes,洞川温泉バス停から山上ヶ岳の登山口（大峯大橋）まで約4km・徒歩約1時間（天川村）,1時間 4km 大峯大橋 山上ヶ岳 洞川温泉バス停,一致,
TH-n1231927910,name,御鍋神社（二岐山登山口）,,出典なし（地名照合のみ）,
TH-n1231927910,notes,国土地理院の地名との差が310mあり、登山口そのものの位置は目視未確認,,照合の根拠（本データ側の記録）,
TH-n1231927910,notes,御鍋神社は二岐山の登山口にあたる,,照合の根拠（本データ側の記録）,
TH-n1232767082,name,小田越登山口,小田越登山口,語句が見つからない,小田越登山口
TH-n1232767082,notes,登山道や山小屋等の周辺以外には立ち入らないよう求められている（林野庁 遠野支署）,周辺以外 山小屋等,一致,
TH-n1232794112,name,仙台平（大滝根山登山口）,,出典なし（地名照合のみ）,
TH-n1232794112,notes,仙台平は大滝根山の登山口にあたる,,照合の根拠（本データ側の記録）,
TH-n1232794112,notes,国土地理院の地名との差が428mあり、登山口そのものの位置は目視未確認,,照合の根拠（本データ側の記録）,
TH-n1233747532,attrs.restriction,立入規制（岩手山西側）,立入規制,一致,
TH-n1233747532,name,松川キャンプ場登山口（立入規制中）,松川キャンプ場登山口,一致,
TH-n1233747532,notes,位置は松川温泉付近。正確な登山口の位置は未確認,,照合の根拠（本データ側の記録）,
TH-n1233747532,notes,岩手山の噴火警戒レベルは2026年8月27日にレベル2からレベル1へ引き下げられた（仙台管区気象台）,2026年 27日 8月 噴火警戒レベル,一致,
TH-n1233747532,notes,松川キャンプ場登山口は立入規制の対象（東北森林管理局）,松川キャンプ場登山口 立入規制,一致,
TH-n1233747532,notes,火山活動が比較的活発な西側は、安全確認等のため引き続き立入規制。対象は犬倉山分岐（雫石町）・県民の森登山口（八幡平市）・松川キャンプ場登山口（八幡平市）（東北森林管理局）,八幡平市 安全確認等 松川キャンプ場登山口 森登山口 比較的活発 火山活動 犬倉山分岐 立入規制,一致,
TH-n1234425826,name,キリンテ登山口,キリンテ登山口,語句が見つからない,キリンテ登山口
TH-n1234429889,name,滝沢登山口,滝沢登山口,一致,
TH-n1234429889,notes,会津駒ヶ岳の登山口は滝沢・キリンテ・七入・御池など（林野庁）,キリンテ 会津駒ヶ岳,一致,
TH-n1234429889,notes,会津駒ヶ岳の登山口は滝沢・キリンテ・七入・御池の4か所で、最短で登れる滝沢登山口が一般的。山頂まで約4時間（福島県）,4時間 キリンテ 会津駒ヶ岳 滝沢登山口,一致,
TH-n1234430032,attrs.restriction,御池〜沼山峠は通年マイカー通行禁止（シャトルバス利用）,通年マイカー通行禁止,語句が見つからない,通年マイカー通行禁止
TH-n1234430032,name,沼山峠（シャトルバス終点）,,照合語なし,
TH-n1234430032,notes,沼山峠へは御池からシャトルバスでのみ入れる（福島県）,シャトルバス,一致,
TH-n1234430742,attrs.parking,"御池駐車場 400台（1日1,000円）、満車時は七入駐車場 880台（無料）","1,000円 1日 400台 880台 七入駐車場 御池駐車場",一致,
TH-n1234430742,attrs.restriction,御池〜沼山峠（約9.6km）は通年マイカー通行禁止。御池でシャトルバスに乗り換え,9.6km シャトルバス 通年マイカー通行禁止,語句の一部が見つからない,通年マイカー通行禁止
TH-n1234430742,name,尾瀬御池登山口,尾瀬御池登山口,語句が見つからない,尾瀬御池登山口
TH-n1234430742,notes,シャトルバスの運行間隔は20〜30分（福島県）,20 30分 シャトルバス 運行間隔,一致,
TH-n1234430742,notes,福島県側から尾瀬に入る場合、一般車で入れるのは御池まで。沼山峠へはシャトルバスのみ（福島県）,シャトルバス 福島県側,一致,
TH-n1234453937,name,泡滝ダム（以東岳・大鳥池登山口）,泡滝ダム,一致,
TH-n1234453937,notes,2026年8月5日時点で、泡滝ダム登山口から大鳥池・以東岳の登山道に崩れている箇所があり通行注意。冷水沢・七ツ滝沢の吊り橋は通行可（鶴岡市）,2026年 5日 8月 七ツ滝沢 泡滝ダム登山口 通行注意,語句の一部が見つからない,通行注意
TH-n1234453937,notes,JR鶴岡駅から泡滝ダムまで車で約1時間30分（鶴岡市）,1時間 30分 泡滝ダム,一致,
TH-n1234453937,notes,この地点が泡滝ダム登山口かどうかは未確認,,照合の根拠（本データ側の記録）,
TH-n1234453937,notes,泡滝ダムから大鳥池小屋まで150分、大鳥池小屋から以東岳小屋まで直登コースで210分（鶴岡市）,150分 210分 以東岳小屋 大鳥池小屋 泡滝ダム 直登コース,一致,
TH-n1234505476,name,姥沢（月山リフト下・駐車場付近）,,照合語なし,
TH-n1234505476,notes,湯殿山口の登山道は通行状況が変わることがあるため鶴岡市の案内を確認すること,,注意喚起（出典の要約ではない）,
TH-n1234515663,name,朝日鉱泉登山口（中ツル尾根コース）,朝日鉱泉登山口,語句が見つからない,朝日鉱泉登山口
TH-n1234515663,notes,朝日連峰の道路・登山道情報は鶴岡市などが公表している,朝日連峰 登山道情報,一致,
TH-n1240612426,name,二王子神社（二王子岳登山口）,,出典なし（地名照合のみ）,
TH-n1240612426,notes,二王子神社は二王子岳の登山口,,照合の根拠（本データ側の記録）,
TH-n1240612426,notes,国土地理院の地名「二王子神社」とOSMの登山道の接続点の位置が一致（独立した2情報源）,,照合の根拠（本データ側の記録）,
TH-n1244948578,attrs.restriction,噴火警戒レベル1,噴火警戒レベル,一致,
TH-n1244948578,name,火山館コース登山口（天狗温泉浅間山荘）,火山館コース登山口,語句が見つからない,火山館コース登山口
TH-n1244948578,notes,火山館は火口から2.3kmの地点にあり市職員が常駐（小諸市）,2.3km,一致,
TH-n1244948578,notes,登山ポストは天狗温泉浅間山荘そば（火山館コース登山口）に設置（小諸市）,天狗温泉浅間山荘 火山館コース登山口 登山ポスト,語句の一部が見つからない,火山館コース登山口 登山ポスト
TH-n1246562659,attrs.forestRoad,県道1号線－町道－高下林道（未舗装）。県道より約7.6キロメートル、車で約30分（西和賀町）,,目視で確認,西和賀町のページに「県道より約7.6キロメートル、車で約30分」とある（全角の区切りで語句の照合が分かれる）
TH-n1246562659,attrs.restriction,高下林道は路面洗堀のため通行不可（西和賀町、2026年8月4日更新）,路面洗堀 通行不可 高下林道,一致,
TH-n1246562659,attrs.season,林道は除雪しない。降雪期（11月下旬）から林道内の雪解け（5月下旬）までは通行できない（西和賀町）,11月 5月,一致,
TH-n1246562659,name,高下登山口,高下登山口,一致,
TH-n1246562659,notes,林道は未舗装の1車線で、駐車場以外の駐車は控えるよう案内されている（西和賀町）,駐車場以外,一致,
TH-n1246562659,notes,西和賀町ではクマの出没が多くなっている（西和賀町）,西和賀町,一致,
TH-n1249472684,name,蓮華温泉（朝日岳・雪倉岳・白馬岳方面の登山口）,,出典なし（地名照合のみ）,
TH-n1249472684,notes,冬期は道路が閉鎖される。入山前に糸魚川市・新潟県の道路情報を確認すること,,注意喚起（出典の要約ではない）,
TH-n1249472684,notes,国土地理院の地名「蓮華温泉」とOSMの登山道の接続点の位置が一致（独立した2情報源）,,照合の根拠（本データ側の記録）,
TH-n1249472684,notes,蓮華温泉は朝日岳・雪倉岳方面の登山口,,照合の根拠（本データ側の記録）,
TH-n1249518859,name,清水倉（青海黒姫山登山口）,,出典なし（地名照合のみ）,
TH-n1249518859,notes,国土地理院の地名との差が279mあり、登山口そのものの位置は目視未確認,,照合の根拠（本データ側の記録）,
TH-n1249518859,notes,清水倉は青海黒姫山の登山口にあたる,,照合の根拠（本データ側の記録）,
TH-n1255659998,attrs.season,登山シーズンは6月第1日曜日の山開きから10月中旬ころまで,10月 1日 6月 登山シーズン,一致,
TH-n1255659998,name,つぶ沼（焼石岳登山口側）,,照合語なし,
TH-n1255659998,notes,"焼石岳は標高約1,548m。登山ルートは中沼コースとつぶ沼コースに大きく分かれ、つぶ沼コースは距離が長い（国土交通省 胆沢ダム工事事務所）","1,548m 中沼コース 沼コース 登山ルート",一致,
TH-n1258595121,name,古寺登山口（古寺鉱泉・古寺案内センター）,古寺登山口,語句が見つからない,古寺登山口
TH-n1260526432,name,赤倉沢登山口,赤倉沢登山口,一致,
TH-n1260526432,notes,JR只見駅から赤倉沢登山口まで車で30分、頂上まで約4時間。6月第2日曜日に山開き、シーズンは10月中旬まで（只見町）,10月 2日 30分 4時間 6月 シーズン 赤倉沢登山口,一致,
TH-n1260526432,notes,渡渉する箇所が数回あり、雪解け水でぬかるんだ箇所、かなり狭い箇所、急斜面の箇所がある。山頂付近には雪渓がある（只見町）,山頂付近,一致,
TH-n1261643568,attrs.restriction,入林禁止（林道ゲート施錠。徒歩での入山も自粛要請）,,目視で確認,北海道森林管理局のページに林道ゲートを施錠し通行不可、ゲートから徒歩での登山も控えるようにとある
TH-n1261643568,notes,この地点がどのコースの登山口かは未確認,,照合の根拠（本データ側の記録）,
TH-n1261643568,notes,入山前に檜山森林管理署・渡島総合振興局へ最新状況を確認すること,,注意喚起（出典の要約ではない）,
TH-n1261643568,notes,国道228号から奥二股登山口駐車場までの6.6kmは林道ゲートを施錠して通行不可。ゲートからの徒歩の登山も控えるよう求められている（北海道森林管理局 檜山森林管理署）,228 6.6km 奥二股登山口駐車場 林道ゲート 通行不可,一致,
TH-n1261643568,notes,熊の出没が相次いでいるため、当面の間の入林禁止（渡島総合振興局西部森林室）,,目視で確認,北海道森林管理局のページに林道ゲートを施錠し通行不可、ゲートから徒歩での登山も控えるようにとある
TH-n1261689907,attrs.course,マテ山コース: 登山口広場〜二股との分岐点1時間、〜最後の水場45分、〜マテ山1時間、〜十二湖方面との分岐点2時間、〜白神岳20分（白神山地ビジターセンター）,1時間 20分 2時間 45分 マテ山コース 十二湖方面 登山口広場,一致,
TH-n1261689907,attrs.parking,登山口の駐車場に休憩所とトイレがある（白神山地ビジターセンター）,,照合語なし,
TH-n1261689907,attrs.restriction,白神岳登山口アクセス道（農道日野線）は4/1から通行可能（深浦町、2026.4.1のお知らせ）,白神岳登山口アクセス道 農道日野線 通行可能,一致,
TH-n1261689907,name,白神岳登山口（登山口広場）,白神岳登山口,一致,
TH-n1261689907,notes,山頂には避難小屋とトイレがある（白神山地ビジターセンター）,避難小屋,一致,
TH-n1261689907,notes,白神岳の雪解けは例年5月中旬以降の見込み（深浦町）,5月 月中旬以降,一致,
TH-n1261751602,name,奥二股（大千軒岳登山口）,,出典なし（地名照合のみ）,
TH-n1261751602,notes,ヒグマの生息域。入山前に最新の出没情報を確認すること,,注意喚起（出典の要約ではない）,
TH-n1261751602,notes,奥二股は大千軒岳の登山口にあたる,,照合の根拠（本データ側の記録）,
TH-n1266172859,name,真狩コース登山口（羊蹄山自然公園）,真狩コース登山口,語句が見つからない,真狩コース登山口
TH-n1266172859,notes,真狩コースは4コースの中で傾斜は比較的ゆるやかだが最も長い（真狩村）,真狩コース,一致,
TH-n1267266464,attrs.bus,地下鉄泉中央駅から仙台市営バス「泉岳自然ふれあい館」行き,仙台市営バス 地下鉄泉中央駅 泉岳自然,一致,
TH-n1267266464,attrs.parking,ふれあい館近くの駐車場（無料）,,照合語なし,
TH-n1267266464,name,泉岳自然ふれあい館（泉ヶ岳登山口）,泉岳自然,一致,
TH-n1267266464,notes,ふれあい館から泉ヶ岳の山頂まで約3.8km（仙台市）,3.8km,一致,
TH-n1267266464,notes,公式情報の名称（バス停名は国土数値情報）と、地理院地図で徒歩道が道路から始まる位置（0m差）が一致,,照合の根拠（本データ側の記録）,
TH-n1269138920,attrs.course,柳沢コース 片道7.2km・4時間40分（環境省）,40分 4時間 7.2km 柳沢コース,一致,
TH-n1269138920,name,馬返し登山口（柳沢コース）,,照合語なし,
TH-n1269138920,notes,岩手山の噴火警戒レベルは2026年8月27日にレベル2からレベル1へ引き下げられた（仙台管区気象台）,2026年 27日 8月 噴火警戒レベル,一致,
TH-n1269138920,notes,火山活動が比較的活発な西側は、安全確認等のため引き続き立入規制。対象は犬倉山分岐（雫石町）・県民の森登山口（八幡平市）・松川キャンプ場登山口（八幡平市）（東北森林管理局）,八幡平市 安全確認等 松川キャンプ場登山口 森登山口 比較的活発 火山活動 犬倉山分岐 立入規制,一致,
TH-n1270607565,notes,この地点がどの登山口かは未確認,,照合の根拠（本データ側の記録）,
TH-n1270607565,notes,八溝山の山頂は福島県と茨城県の県境にあり、日輪寺・八溝嶺神社・展望台などがある（国土地理院・栃木県）,八溝嶺神社,一致,
TH-n1270607565,notes,八溝山風景林が設定されている（林野庁）,八溝山風景林,一致,
TH-n1270619330,name,日輪寺（八溝山登山口）,,出典なし（地名照合のみ）,
TH-n1270619330,notes,国土地理院の地名との差が181mあり、登山口そのものの位置は目視未確認,,照合の根拠（本データ側の記録）,
TH-n1270619330,notes,日輪寺付近から八溝山への登山道が始まる,,出典なし（地名照合のみ）,
TH-n1270933093,attrs.parking,登山者は一本杉園地の第1駐車場・第2駐車場を利用（盛岡市）,一本杉園地,一致,
TH-n1270933093,attrs.season,一本杉園地の水道・トイレは4月〜11月（盛岡市）,11月 4月 一本杉園地,一致,
TH-n1270933093,name,一本杉登山口,一本杉登山口,一致,
TH-n1270933093,notes,IGR渋民駅から登山口まで車で約25分（林野庁）,25分,一致,
TH-n1270933093,notes,一本杉登山口から約10分で一本杉、山頂まで約1時間30分（林野庁）,10分 1時間 30分 一本杉登山口,一致,
TH-n1270933093,notes,姫神山の登山口は一本杉・こわ坂・田代・城内の4コース。山開きは5月中旬（林野庁）,5月,一致,
TH-n1275883841,attrs.parking,"桜坂駐車場 100台・普通車500円・大型車1,000円（料金後払い）（南魚沼市観光協会）","1,000円 100台 500円 料金後払 桜坂駐車場",一致,
TH-n1275883841,name,桜坂駐車場（巻機山 井戸尾根コース登山口）,桜坂駐車場,一致,
TH-n1275883841,notes,六日町駅からの路線バスは2026年3月末で運行を終了した（南魚沼市観光協会）,2026年 3月 六日町駅 路線バス,一致,
TH-n1275883841,notes,南魚沼市観光協会が案内する桜坂駐車場と、OSMの駐車場地物（26m）・登山道と道路の接続点の位置が一致（独立した2情報源）,,照合の根拠（本データ側の記録）,
TH-n1275883841,notes,桜坂駐車場を起点とする井戸尾根コースで山頂まで4時間30分（新潟県観光協会）,30分 4時間 井戸尾根コース 桜坂駐車場,一致,
TH-n1275883841,notes,関越自動車道塩沢石打ICから車で約25分（新潟県観光協会）,25分 関越自動車道塩沢石打,一致,
TH-n1280133987,notes,この地点が沓形コースの登山口（見返台園地）かどうかは未確認,,照合の根拠（本データ側の記録）,
TH-n1280133987,notes,利尻山には鴛泊コースのほか沓形コースがある（環境省）。沓形コースは鴛泊コースより急で道幅も狭い,沓形コース 鴛泊コース,一致,
TH-n1280146188,name,利尻北麓野営場（鴛泊コース登山口）,利尻北麓野営場,語句が見つからない,利尻北麓野営場
TH-n1280146188,notes,"鴛泊コースは標高210mの北麓野営場から始まり、山頂までの標高差は約1,500m（環境省）","1,500m 210m 北麓野営場 鴛泊コース",一致,
TH-n1280892728,name,七面山登山口（角瀬）,,出典なし（地名照合のみ）,
TH-n1280892728,notes,国土地理院の地名「角瀬」とOSMの登山道の接続点の位置が一致（独立した2情報源）,,照合の根拠（本データ側の記録）,
TH-n1280892728,notes,角瀬は七面山の登山口にあたる,,照合の根拠（本データ側の記録）,
TH-n1281064799,name,徳沢（蝶ヶ岳登山口）,,照合語なし,
TH-n1281064799,notes,長野県の山のグレーディング（2026年）に「徳沢登山口」（松本市、蝶ヶ岳）が載っている（長野県）,2026年 グレーディング 徳沢登山口,一致,
TH-n1281064799,notes,長野県登山安全条例により、指定登山道では登山計画書の提出が必要（長野県）,指定登山道 登山計画書 長野県登山安全条例,一致,
TH-n1281064891,name,横尾（槍ヶ岳・奥穂高岳・蝶ヶ岳登山口）,,照合語なし,
TH-n1281064891,notes,長野県の山のグレーディング（2026年）に「横尾登山口」（松本市、槍ヶ岳・奥穂高岳・蝶ヶ岳）が載っている（長野県）,2026年 グレーディング 奥穂高岳 横尾登山口,一致,
TH-n1281064891,notes,長野県登山安全条例により、指定登山道では登山計画書の提出が必要（長野県）,指定登山道 登山計画書 長野県登山安全条例,一致,
TH-n1287111683,name,トムラウシ温泉（温泉コース登山口）,トムラウシ温泉,語句が見つからない,トムラウシ温泉
TH-n1287111683,notes,国土地理院の地名「トムラウシ温泉」と約50mで一致,,照合の根拠（本データ側の記録）,
TH-n1287140000,attrs.forestRoad,ユートムラウシ林道・ユートムラウシ第二支線林道（通行可）,ユートムラウシ林道 ユートムラウシ第二支線林道,一致,
TH-n1287140000,name,トムラウシ山 短縮コース登山口,トムラウシ山 短縮コース登山口,語句の一部が見つからない,短縮コース登山口
TH-n1287140000,notes,林道の通行状況は変わるため、北海道森林管理局の最新情報を確認すること,,注意喚起（出典の要約ではない）,
TH-n1290011711,attrs.forestRoad,国道46号から地方道50号で大仙市太田町の小神成地区へ。真木集落を経由し、真木林道を約7km。JR角館駅から登山口まで車で約50分（秋田県）,46 50 50分 7km 大仙市太田町 小神成地区 真木林道 真木集落,一致,
TH-n1290011711,attrs.parking,登山口に駐車場とトイレがある（秋田県 山岳グレーディング）,,照合語なし,
TH-n1290011711,name,甘露水口（和賀岳登山口・真木林道）,甘露水口,一致,
TH-n1290011711,notes,"甘露水口から薬師平を経由して山頂へ（秋田県）。ルート全長17.3km、標高差1,072.4m、コースタイム9時間10分、グレード4B（秋田県 山岳グレーディング）","1,072.4m 10分 17.3km 9時間 グレード コースタイム ルート全長 甘露水口",一致,
TH-n1290426708,attrs.fee,入山協力金 1人300円（任意）,1人 300円 入山協力金,一致,
TH-n1290426708,attrs.restriction,米原市側の麓からの登山は禁止（登山道崩落、復旧時期未定）,米原市側,一致,
TH-n1290426708,notes,2023年7月の大雨で米原市上野からの登山道が大規模に崩壊し、2024年7月にも土石流が発生。麓からの入山は禁止されている（米原市）,2023年 2024年 7月 米原市上野,一致,
TH-n1290426708,notes,この地点がどの登山口かは未確認,,照合の根拠（本データ側の記録）,
TH-n1290426708,notes,復旧時期は未定。季節やルートにかかわらず米原市側の麓からは登れない（米原市）,復旧時期 米原市側,一致,
TH-n1290426708,notes,滋賀県と米原市が保全対策のロードマップを策定している（滋賀県）,ロードマップ 保全対策,一致,
TH-n1290439944,name,冠山峠（冠山登山口）,,出典なし（地名照合のみ）,
TH-n1290439944,notes,冠山峠は冠山への登山口,,照合の根拠（本データ側の記録）,
TH-n1290439944,notes,国土地理院の地名「冠山峠」、地理院地図の徒歩道の起点（4m差）、OSMの地点の位置が一致,,照合の根拠（本データ側の記録）,
TH-n1290439944,notes,峠へ通じる道路の通行状況は入山前に確認すること,,注意喚起（出典の要約ではない）,
TH-n1294092512,attrs.fee,"白山白川郷ホワイトロード 普通車 片道1,700円","1,700円 白山白川郷ホワイトロード",一致,
TH-n1294092512,attrs.opening_hours,通行時間は時期で変わる（2026年9月時点の表示は8時〜17時入場可）,,目視で確認,白山白川郷ホワイトロードのページに「通常営業中(8時~17時入場可)」とある
TH-n1294092512,attrs.parking,三方岩駐車場（普通車51台・マイクロバス6台）,三方岩駐車場,一致,
TH-n1294092512,attrs.season,2026年度は6月12日に開通（白山白川郷ホワイトロード）,12日 2026年 6月,一致,
TH-n1294092512,name,三方岩駐車場（三方岩岳登山口）,三方岩駐車場,一致,
TH-n1294092512,notes,三方岩駐車場から登山道を登れば40分ほどで頂上に着く（石川県）,40分 三方岩駐車場,一致,
TH-n1294092512,notes,有料道路の通行時間を過ぎると出られないため、行動時間に注意が必要,,注意喚起（出典の要約ではない）,
TH-n1294549742,attrs.restriction,噴火警戒レベル1（2025年5月20日にレベル2から引き下げ）,噴火警戒レベル,一致,
TH-n1294549742,name,濁河温泉登山口（御嶽山）,濁河温泉登山口,語句が見つからない,濁河温泉登山口
TH-n1294549742,notes,剣ヶ峰南西の地獄谷付近では突発的な噴出に注意が必要。自治体の規制に従い、ヘルメットの携行が推奨されている（気象庁）,ヘルメット 剣ヶ峰南西 地獄谷付近,語句の一部が見つからない,地獄谷付近
TH-n1294549742,notes,御嶽山の噴火警戒レベルは1。木曽町・王滝村・下呂市の入山規制は解除されている（気象庁）,入山規制 噴火警戒レベル,一致,
TH-n1295174890,attrs.fee,天生県立自然公園 森林環境整備協力金 500円,500円 天生県立自然公園 森林環境整備協力金,語句の一部が見つからない,森林環境整備協力金
TH-n1295174890,attrs.season,国道360号 天生峠は冬期閉鎖（例年6〜7月に開通）,360 冬期閉鎖,一致,
TH-n1295174890,name,天生峠（籾糠山登山口）,,照合語なし,
TH-n1295174890,notes,"国土地理院 地名検索「天生峠」（36.257842, 136.962945、JGD2011）2026-09-20確認",,照合の根拠（本データ側の記録）,
TH-n1295174890,notes,天生峠は国道360号で飛騨市河合町と白川村を結ぶ。冬期閉鎖され、2026年は7月3日に飛騨市側が開通（白川村・飛騨市）,2026年 360 3日 7月 冬期閉鎖 飛騨市側 飛騨市河合町,一致,
TH-n1295174890,notes,"天生県立自然公園（1,638ha）内の自然保護のため、入山者に森林環境整備協力金500円が求められる（岐阜県・飛騨市）","1,638ha 500円 天生県立自然公園 森林環境整備協力金 自然保護",語句の一部が見つからない,森林環境整備協力金 自然保護
TH-n1295174890,notes,籾糠山へは天生湿原を経由する（岐阜県）,天生湿原,一致,
TH-n1299016693,name,九折（傾山登山口）,,出典なし（地名照合のみ）,
TH-n1299016693,notes,九折は傾山の登山口,,照合の根拠（本データ側の記録）,
TH-n1299016693,notes,国土地理院の地名「九折川」とOSMの登山道の接続点の位置が一致（独立した2情報源）,,照合の根拠（本データ側の記録）,
TH-n1338508454,notes,2026年9月7日に手代林道（手代橋手前）で道路の陥没と亀裂が確認され通行止め。百宅口からは通行できず、復旧時期は未定（由利本荘市、2026年9月8日更新）,2026年 7日 9月 復旧時期 手代林道 手代橋手前,一致,
TH-n1338508454,notes,この地点がどの登山口かは未確認,,照合の根拠（本データ側の記録）,
TH-n1338701134,name,祓川（矢島口コース五合目）,,照合語なし,
TH-n1344057897,name,黒木（多良岳・経ヶ岳登山口）,,出典なし（地名照合のみ）,
TH-n1344057897,notes,国土地理院の地名とOSMの登山道の接続点の位置が一致（独立した2情報源）,,照合の根拠（本データ側の記録）,
TH-n1344057897,notes,黒木は多良岳・経ヶ岳の登山口,,照合の根拠（本データ側の記録）,
TH-n1353951750,attrs.restriction,白根山（湯釜付近）は2026年5月15日に噴火警戒レベル1へ引き下げ。規制範囲は1kmから500mへ縮小予定（安全対策のため実施は段階的）,15日 1km 2026年 500m 5月 噴火警戒レベル 湯釜付近 縮小予定 規制範囲,語句の一部が見つからない,縮小予定 規制範囲
TH-n1353951750,name,草津白根レストハウス（白根山 湯釜付近）,草津白根レストハウス,語句が見つからない,草津白根レストハウス
TH-n1353951750,notes,本白根山は白根山とは別に火山活動の情報が出される。入山前に気象庁と草津町・群馬県の情報を確認すること,,注意喚起（出典の要約ではない）,
TH-n1353951750,notes,草津白根山は2025年8月4日にレベル2へ引き上げられ、2026年5月15日にレベル1へ引き下げられた（気象庁）,15日 2025年 2026年 4日 5月 8月 草津白根山,一致,
TH-n1353951750,notes,規制範囲の縮小は除雪やガードレール設置などの安全対策の進捗に合わせて行われる（草津町）,,目視で確認,草津町のページに、500m圏内への変更は積雪状況やガードレール等の設置状況などの安全管理対策に時間を要するとある
TH-n13589065958,name,京極コース登山口,京極コース登山口,語句が見つからない,京極コース登山口
TH-n1376353782,attrs.parking,山頂駐車場（無料）。伊吹山ドライブウェイ（有料道路）の終点,伊吹山ドライブウェイ 山頂駐車場 有料道路,一致,
TH-n1376353782,attrs.season,伊吹山ドライブウェイの営業期間・時間内のみ通行可（冬期は閉鎖）,伊吹山ドライブウェイ 営業期間,一致,
TH-n1376353782,name,伊吹山ドライブウェイ山頂駐車場（山頂遊歩道の起点）,伊吹山ドライブウェイ山頂駐車場,語句が見つからない,伊吹山ドライブウェイ山頂駐車場
TH-n1376353782,notes,公式情報の名称と、地理院地図で徒歩道が道路から始まる位置（58m差）が一致,,照合の根拠（本データ側の記録）,
TH-n1376353782,notes,山頂駐車場から山頂へは3本の登山道がある。西登山道 片道約40分、中央登山道 約20分、東登山道は下り専用 約60分（伊吹山ドライブウェイ）,20分 40分 60分 中央登山道 山頂駐車場 東登山道 西登山道,一致,
TH-n1376353782,notes,米原市側の麓（上野）からの登山道は崩落のため入山禁止。ドライブウェイの案内より米原市の情報を優先すること,ドライブウェイ 入山禁止 米原市側,語句の一部が見つからない,入山禁止
TH-n1376353782,notes,西登山道は大きめの砂利道で、天候が悪いと滑りやすい（伊吹山ドライブウェイ）,西登山道,一致,
TH-n1380803797,name,桧峠（大日ヶ岳 桧峠コース登山口）,,出典なし（地名照合のみ）,
TH-n1380803797,notes,国土地理院の地名「桧峠」、地理院地図の徒歩道の起点（2m差）、OSMの地点の位置が一致,,照合の根拠（本データ側の記録）,
TH-n1380803797,notes,桧峠は大日ヶ岳への登山口,,照合の根拠（本データ側の記録）,
TH-n1381321802,name,三瓶山 北の原（三瓶自然館サヒメル前）,,照合語なし,
TH-n1381321802,notes,西の原駐車場は約88台・無料・トイレあり。登山道入口までは約0.5km（島根県）,0.5km 88台 原駐車場 登山道入口,一致,
TH-n1384995565,name,ネズモチ平登山口,ネズモチ平登山口,語句が見つからない,ネズモチ平登山口
TH-n1384995565,notes,魚沼市大白川側は奥只見レクリェーション都市公園の区域（新潟県）,奥只見レクリェーション都市公園 魚沼市大白川側,語句の一部が見つからない,魚沼市大白川側
TH-n1385708256,attrs.registration,岐阜県山岳遭難防止条例により北アルプス・活火山地区は登山届の提出が義務（違反は5万円以下の過料）,北アルプス 岐阜県山岳遭難防止条例 活火山地区,語句の一部が見つからない,岐阜県山岳遭難防止条例
TH-n1385708256,name,笠新道登山口（新穂高側）,笠新道登山口,語句が見つからない,笠新道登山口
TH-n1385708256,notes,岐阜県側の登山口から北アルプス（焼岳を含む）に登る場合は登山届の提出が必要（岐阜県）,北アルプス 岐阜県側,一致,
TH-n1385708256,notes,新穂高センターに登山ポストがある（高山市）,新穂高センター 登山ポスト,語句の一部が見つからない,新穂高センター
TH-n1386232108,name,旭又（太平山登山口）,,出典なし（地名照合のみ）,
TH-n1386232108,notes,国土地理院の地名「旭又沢」とOSMの登山道の接続点の位置が一致（独立した2情報源）,,照合の根拠（本データ側の記録）,
TH-n1386232108,notes,旭又は太平山の登山口,,照合の根拠（本データ側の記録）,
TH-n1392559715,attrs.parking,神楽スキー場内の町営駐車場（有料）,町営駐車場 神楽スキー場内,一致,
TH-n1392559715,name,祓川登山口（苗場山）,祓川登山口,語句が見つからない,祓川登山口
TH-n1392559715,notes,山頂部は湿原で木道が整備されている。霧の際は木道から外れないこと（環境省）,,目視で確認,環境省のページに「山頂付近の登山道は木道…霧がかかると方向を見失うおそれ…木道を外れないように」とある
TH-n1392559715,notes,祓川ルートは神楽スキー場内の町営駐車場（有料）から。コースタイム約4時間30分で、登山者が一番多いルート（長野県）,30分 4時間 コースタイム約 町営駐車場 祓川ルート 神楽スキー場内,一致,
TH-n1392559715,notes,"苗場山（2,145m）は栄村・津南町・湯沢町の境。主な登山口は湯沢町の祓川と栄村の小赤沢（新潟県・長野県）","2,145m",一致,
TH-n1392634877,name,小赤沢三合目（苗場山登山口）,小赤沢三合目,語句が見つからない,小赤沢三合目
TH-n1392634877,notes,小赤沢コースは六合目から八合五勺にかけて急登がある（長野県）,,目視で確認,長野県の安全登山ブックに「小赤沢ルートは6合目~8.5合目まで急登」とある
TH-n13933787263,attrs.cable,"富士見パノラマリゾートのゴンドラで山頂駅（標高約1,780m）へ上がれる","1,780m ゴンドラ 富士見パノラマリゾート",一致,
TH-n13933787263,attrs.restriction,町道102号線「沢入登山口」〜林道入笠線「御所平峠」の約7kmでマイカー規制を行う日がある（富士見町の2014年の広報による。最新の規制日は富士見町に確認）,,目視で確認,富士見町の広報（2014年4月号、画像PDF）を目視で確認
TH-n13933787263,name,マナスル山荘前（入笠山方面）,マナスル山荘前,語句が見つからない,マナスル山荘前
TH-n13933787263,notes,マイカー規制の日程は富士見町の案内で事前に確認すること,,注意喚起（出典の要約ではない）,
TH-n13933787263,notes,地理院地図で徒歩道が道路から始まる位置（23m差）と一致するが、入笠山の登山口であることは公式情報で未確認,,照合の根拠（本データ側の記録）,
TH-n13933787263,notes,富士見パノラマリゾートのゴンドラで山頂駅へ上がると、入笠すずらん公園・入笠湿原がある（富士見町）,ゴンドラ 入笠湿原 富士見パノラマリゾート,一致,
TH-n1401665211,name,山犬段（高塚山・蕎麦粒山登山口）,,出典なし（地名照合のみ）,
TH-n1401665211,notes,山犬段は高塚山・蕎麦粒山の登山口,,照合の根拠（本データ側の記録）,
TH-n1401665211,notes,林道の通行状況は入山前に川根本町の道路情報で確認すること,,注意喚起（出典の要約ではない）,
TH-n1405543158,name,道の駅 田辺市龍神ごまさんスカイタワー（護摩壇山登山口）,スカイタワー 田辺市龍神,一致,
TH-n1405543158,notes,"国土地理院 地名検索「道の駅「田辺市龍神ごまさんスカイタワー」」（34.061198, 135.564397、JGD2011）2026-09-20確認",,照合の根拠（本データ側の記録）,
TH-n1405543158,notes,高野龍神スカイライン（国道371号）で山頂近くまで車で行ける。バスも運行（和歌山県）,371 高野龍神スカイライン,一致,
TH-n1406103440,name,大股（伯母子岳登山口）,,出典なし（地名照合のみ）,
TH-n1406103440,notes,国土地理院の地名とOSMの登山道の接続点の位置が一致（独立した2情報源）,,照合の根拠（本データ側の記録）,
TH-n1406103440,notes,大股は伯母子岳の登山口,,照合の根拠（本データ側の記録）,
TH-n1406654111,name,田代（大無間山登山口）,,出典なし（地名照合のみ）,
TH-n1406654111,notes,国土地理院の地名「田代」とOSMの登山道の接続点の位置が一致（独立した2情報源）,,照合の根拠（本データ側の記録）,
TH-n1406654111,notes,田代は大無間山の登山口にあたる,,照合の根拠（本データ側の記録）,
TH-n1412205934,name,菅沼登山口,菅沼登山口,一致,
TH-n1412205934,notes,日光白根山は活火山。気象庁が火山の活動状況と噴火警戒レベルを公表している（気象庁）,噴火警戒レベル 日光白根山 活動状況,一致,
TH-n1412330520,attrs.registration,富山県登山届条例により登山届が必要,富山県登山届条例,一致,
TH-n1412330520,name,室堂ターミナル（立山・剱岳方面）,室堂ターミナル,語句が見つからない,室堂ターミナル
TH-n1412330520,notes,富山県登山届条例により、危険地区への入山には登山届が必要（岐阜県の資料）,危険地区 富山県登山届条例,一致,
TH-n1412886725,attrs.parking,行者還トンネル西口に駐車場あり（有料）,行者還トンネル西口,一致,
TH-n1412886725,attrs.restriction,国道309号は大川口〜上北山村西原が冬期通行止め。白倉トンネルは高さ2.6m・長さ7mの制限,2.6m 309 7m 上北山村西原 冬期通行止 白倉トンネル,一致,
TH-n1412886725,name,弥山登山口（行者還トンネル西口）,弥山登山口,語句が見つからない,弥山登山口
TH-n1412886725,notes,八経ヶ岳への最短ルートは行者還トンネル西口からの八経ヶ岳登山コース（天川村）,八経ヶ岳 八経ヶ岳登山コース 最短ルート 行者還トンネル西口,一致,
TH-n1412886725,notes,弥山川遡行コースは初心者向きではないと案内されている（天川村）,,目視で確認,天川村のページに弥山川遡行コースは一般の登山道とは違い手足を使って岩をよじ登るとある
TH-n1412886725,notes,行者還トンネルへの道は道幅が狭く、白倉トンネルに高さ2.6mの制限がある（天川村）,2.6m 白倉トンネル 行者還トンネル,一致,
TH-n1413439230,attrs.course,石門めぐりは妙義山で最も人気のあるコースで約1時間30分（下仁田町）,1時間 30分,一致,
TH-n1413439230,attrs.registration,登山届提出箱・啓発掲示物・靴底用ブラシ・靴底消毒用の石灰箱がある（群馬県）,啓発掲示物 登山届提出箱 靴底消毒用 靴底用ブラシ,一致,
TH-n1413439230,name,妙義公園管理事務所前登山口（石門群登山口）,妙義公園管理事務所前登山口,一致,
TH-n1413439230,notes,山火事に伴う登山道の封鎖は解除されたが、一部の上級者コースは火事の影響を受けている箇所がある。雨の後は鎖場の岩が滑りやすく、大雨による土砂の流出や倒木もある（下仁田町、2025年12月27日更新）,上級者コース,一致,
TH-n1413439230,notes,頂上主稜線（白雲山〜金洞山の縦走）は完全に上級者向けで、登攀技術・装備（ザイル・ハーネス・カラビナ等）の無い人は登山を控えるよう案内されている。滑落遭難事故が頻発している（下仁田町）,カラビナ等 ハーネス 上級者向 滑落遭難事故 登攀技術 頂上主稜線,一致,
TH-n1414017157,attrs.parking,登山者用駐車場あり（雨飾高原キャンプ場）,登山者用駐車場,語句が見つからない,登山者用駐車場
TH-n1414017157,attrs.season,冬期は道路が閉鎖される。キャンプ場の営業期間は雨飾高原キャンプ場に確認,キャンプ場 営業期間 雨飾高原キャンプ場,一致,
TH-n1414017157,name,雨飾高原キャンプ場（雨飾山登山口）,雨飾高原キャンプ場,一致,
TH-n1414017157,notes,この地点が登山口であることは目視未確認,,照合の根拠（本データ側の記録）,
TH-n1414017157,notes,長野県の山のグレーディング（2026年）に「雨飾山登山口」（小谷村、雨飾山）が載っている（長野県）,2026年 グレーディング 雨飾山登山口,一致,
TH-n1414017157,notes,雨飾高原キャンプ場は雨飾山の登山口に位置する（雨飾高原キャンプ場）,雨飾高原キャンプ場,一致,
TH-n1414609605,attrs.parking,登り口は旧カドハラスキー場。駐車場・トイレあり（大野市）,旧カドハラスキー場,一致,
TH-n1414609605,name,勝原登山口（荒島岳）,勝原登山口,一致,
TH-n1414609605,notes,JR越美北線勝原駅から徒歩10分、北陸自動車道福井ICから車で約1時間10分（大野市）,10分 1時間 北陸自動車道福井 越美北線勝原駅,一致,
TH-n1414609605,notes,公式情報の登山口と、地理院地図で徒歩道が道路から始まる位置（0m差）が一致,,照合の根拠（本データ側の記録）,
TH-n1414609605,notes,勝原コースは登り3時間30分・下り2時間30分（大野市）,2時間 30分 3時間 勝原コース,一致,
TH-n1414609605,notes,勝原登山口・中出登山口の公衆トイレは2026年4月7日に再開した（大野市）,2026年 4月 7日 中出登山口 公衆トイレ 勝原登山口,一致,
TH-n1425865627,name,船上山少年自然の家（船上山登山口）,船上山少年自然,一致,
TH-n1425923561,attrs.parking,木下小屋周辺など無料（環境省 知床羅臼ビジターセンター）,木下小屋周辺,一致,
TH-n1425923561,name,岩尾別登山口,岩尾別登山口,一致,
TH-n1425923561,notes,2025年8月のヒグマ人身事故により登山口が閉鎖され、2026年7月5日に閉鎖解除の予定と公表された（2026年5月時点）。入山前に最新の状況を確認すること,,注意喚起（出典の要約ではない）,
TH-n1425923561,notes,ヒグマの出没が多い区域。クマ撃退スプレー等の対策が推奨されている（環境省）,クマ撃退スプレー等,語句が見つからない,クマ撃退スプレー等
TH-n1425923561,notes,登山道沿いのトイレは銀冷水の携帯トイレブースのみ。野営指定地は羅臼平（環境省）,携帯トイレブース 登山道沿 野営指定地,語句の一部が見つからない,野営指定地
TH-n1448460769,notes,この地点がどの登山口かは未確認,,照合の根拠（本データ側の記録）,
TH-n1448460769,notes,神室山の登山ルートには西ノ又コース・有屋コースなどがあり、山形県金山町側からのコースは所要7時間45分（秋田県 山岳グレーディング）,45分 7時間 山形県金山町側 有屋コース 登山ルート 西ノ又コース,語句の一部が見つからない,山形県金山町側 登山ルート
TH-n1466220149,attrs.forestRoad,元浦川林道 一般利用可（2026年6月20日〜9月30日）,一般利用可 元浦川林道,語句の一部が見つからない,一般利用可
TH-n1466220149,attrs.hut,神威山荘（通年無人・無料、トイレ・テント場）,神威山荘,一致,
TH-n1466220149,name,神威岳 神威山荘方面（元浦川林道の先）,神威山荘方面,語句が見つからない,神威山荘方面
TH-n1466220149,notes,元浦川林道は2026年6月20日〜9月30日が一般利用可能期間。2026年8月7日に災害復旧して通行再開（北海道森林管理局）,2026年 20日 30日 6月 7日 8月 9月 一般利用可能期間 元浦川林道 災害復旧 通行再開,語句の一部が見つからない,一般利用可能期間 災害復旧 通行再開
TH-n1466220149,notes,地点の位置は未確認,,照合の根拠（本データ側の記録）,
TH-n1466220149,notes,日高山脈襟裳十勝国立公園の区域内。登山計画書の提出が必要（環境省・新ひだか町）,日高山脈襟裳十勝国立公園 登山計画書,一致,
TH-n1466220149,notes,神威山荘は日高の神威岳とペテガリ岳（西尾根コース）の起点（新ひだか町）,ペテガリ岳 神威山荘 西尾根コース,一致,
TH-n1503560607,attrs.cable,英彦山スロープカー（銅の鳥居〜奉幣殿、469m・約15分）,英彦山スロープカー,一致,
TH-n1503560607,name,別所駐車場（英彦山 奉幣殿方面）,別所駐車場,語句が見つからない,別所駐車場
TH-n1503560607,notes,添田町が英彦山・鷹ノ巣山・岳滅鬼山の登山マップを公開している（添田町）,岳滅鬼山 登山マップ 鷹ノ巣山,一致,
TH-n1516511173,name,三峯神社登山口（雲取山）,三峯神社登山口,語句が見つからない,三峯神社登山口
TH-n1516511173,notes,埼玉県が安全登山マップ（両神山・雲取山）を公開している,安全登山マップ,一致,
TH-n1516511173,notes,"雲取山（2,017m）は東京都の最高峰。埼玉県側の三峯神社登山口から山頂まで約5時間（林野庁・埼玉県）","2,017m 5時間 三峯神社登山口 埼玉県側",語句の一部が見つからない,三峯神社登山口
TH-n1516511173,notes,鴨沢（奥多摩町）・三条の湯（丹波山村）からのコースもあり、各コースとも1泊2日が主流（林野庁）,2日 丹波山村 各コース 奥多摩町,一致,
TH-n1587794760,name,仲仙寺（経ヶ岳登山口）,,照合語なし,
TH-n1587794760,notes,仲仙寺は経ヶ岳の登山口,,照合の根拠（本データ側の記録）,
TH-n1587794760,notes,国土地理院の地名「仲仙寺」とOSMの登山道の接続点の位置が一致（独立した2情報源）,,照合の根拠（本データ側の記録）,
TH-n1587794760,notes,長野県登山安全条例の指定登山道では登山計画書の提出が必要,指定登山道 登山計画書 長野県登山安全条例,一致,
TH-n1596020186,name,扇沢駅（立山黒部アルペンルート長野県側）,,照合語なし,
TH-n1596020186,notes,扇沢駅は立山黒部アルペンルートの長野県側の玄関口（大町市観光協会）,立山黒部アルペンルート 長野県側,語句の一部が見つからない,長野県側
TH-n1596195211,attrs.restriction,"七倉ゲート前から高瀬ダムまでは特定タクシー（約15分・4人乗り2,700円）か徒歩で通行する（大町市観光協会）","15分 2,700円 4人 七倉ゲート前 特定タクシー 高瀬ダム",一致,
TH-n1596195211,name,七倉（烏帽子岳・蓮華岳・北葛岳登山口）,,照合語なし,
TH-n1596195211,notes,七倉は烏帽子岳・蓮華岳などの入下山口で、裏銀座コースの起点にあたる（大町市観光協会）,入下山口 烏帽子岳 裏銀座コース,語句の一部が見つからない,入下山口 裏銀座コース
TH-n1596195211,notes,七倉山荘前に公衆トイレがある。混雑時は七倉ダム下広場駐車場を利用する（大町市観光協会）,七倉ダム下広場駐車場 七倉山荘前 公衆トイレ,一致,
TH-n1596195211,notes,長野県登山安全条例の指定登山道では登山計画書の提出が必要,指定登山道 登山計画書 長野県登山安全条例,一致,
TH-n1601949836,name,暑寒荘（暑寒コース登山口）,,出典なし（地名照合のみ）,
TH-n1601949836,notes,国土地理院の地名「暑寒荘」とOSMの地物の位置が154mで一致（独立した2情報源）,,照合の根拠（本データ側の記録）,
TH-n1620906347,name,肩の小屋口（乗鞍岳）,,照合語なし,
TH-n1620906347,notes,長野県の山のグレーディング（2026年）に「肩の小屋口登山口」（松本市、乗鞍岳）が載っている（長野県）,2026年 グレーディング 小屋口登山口,一致,
TH-n1620906347,notes,長野県登山安全条例により、指定登山道では登山計画書の提出が必要（長野県）,指定登山道 登山計画書 長野県登山安全条例,一致,
TH-n1636024159,attrs.restriction,通年マイカー規制,通年マイカー規制,語句が見つからない,通年マイカー規制
TH-n1636024159,name,上高地（穂高方面登山口）,,照合語なし,
TH-n1636024159,notes,2026年度の開山期間は4月17日〜11月15日、通行時間は5時〜19時（7・8月は5時〜20時）（環境省）,11月 15日 17日 19時 2026年 20時 4月 5時 8月 通行時間 開山期間,語句の一部が見つからない,通行時間
TH-n1636024159,notes,上高地は通年マイカー規制。松本市側は沢渡駐車場、高山市側はあかんだな駐車場でバス・タクシーに乗り換える（環境省・長野県）,タクシー 松本市側 沢渡駐車場 通年マイカー規制 高山市側,語句の一部が見つからない,松本市側 通年マイカー規制 高山市側
TH-n1636024159,notes,長野県登山安全条例により、指定登山道では登山計画書の提出が必要（長野県）,指定登山道 登山計画書 長野県登山安全条例,一致,
TH-n1647792596,name,易老渡登山口（光岳・聖岳）,,出典なし（地名照合のみ）,
TH-n1647792596,notes,国土地理院の地名「易老渡」とOSMの登山口地物の位置が一致（独立した2情報源）,,照合の根拠（本データ側の記録）,
TH-n1647792596,notes,易老渡は光岳・聖岳の長野県側の登山口,,照合の根拠（本データ側の記録）,
TH-n1647792596,notes,林道の通行状況は飯田市の道路情報で確認すること,,注意喚起（出典の要約ではない）,
TH-n1648005929,notes,天塩岳ヒュッテはポンテシオダムから9km奥。ヒュッテ前はキャンプ場で炊事場・トイレがある（士別市）,9km キャンプ場 ヒュッテ前 ポンテシオダム 天塩岳ヒュッテ,一致,
TH-n1648005929,notes,新道コースの登山口はヒュッテから1km戻った地点（士別市）。この地点がどのコースの登山口かは未確認,,照合の根拠（本データ側の記録）,
TH-n1648005965,name,天塩岳ヒュッテ（天塩岳登山口）,,出典なし（地名照合のみ）,
TH-n1648005965,notes,ヒグマの生息域。入山前に最新の出没情報を確認すること,,注意喚起（出典の要約ではない）,
TH-n1648005965,notes,国土地理院の地名とOSMの地物の位置が一致（独立した2情報源）,,照合の根拠（本データ側の記録）,
TH-n1648005965,notes,天塩岳ヒュッテは天塩岳の登山口,,照合の根拠（本データ側の記録）,
TH-n1648683965,attrs.parking,山神社駐車場 約30台（バス駐車不可）・簡易トイレあり,30台 バス駐車不可 山神社駐車場 簡易トイレ,一致,
TH-n1648683965,name,山神社登山口（愛鷹山）,山神社登山口,語句が見つからない,山神社登山口
TH-n1648683965,notes,この地点が山神社登山口であることは目視未確認,,照合の根拠（本データ側の記録）,
TH-n1648683965,notes,位牌岳から蓬莱山までの鋸岳の区間は崩落が激しく通行止め（裾野市）,,照合語なし,
TH-n1648683965,notes,山神社駐車場（約30台・簡易トイレ）に隣接する登山道の入口（裾野市）,30台 山神社駐車場 簡易トイレ,一致,
TH-n1648689568,attrs.bus,JR三島駅からバス約1時間30分、十里木高原停留所下車,1時間 30分 十里木高原停留所下車,語句が見つからない,十里木高原停留所下車
TH-n1648689568,attrs.parking,十里木高原駐車場 38台（バス駐車不可）・トイレあり,38台 バス駐車不可 十里木高原駐車場,一致,
TH-n1648689568,name,十里木高原登山口（越前岳）,十里木高原登山口,語句が見つからない,十里木高原登山口
TH-n1648689568,notes,位牌岳から蓬莱山までの鋸岳の区間は崩落が激しく通行止め（裾野市）,,照合語なし,
TH-n1648689568,notes,愛鷹連峰は険しく崩れやすい古い火山で、地図や装備のない軽装での登山は危険（裾野市）,愛鷹連峰,一致,
TH-n1648689568,notes,東名裾野ICから車で約20〜25分（裾野市）,20 25分 東名裾野,一致,
TH-n1669425258,attrs.bus,登山バスは7月中旬〜8月下旬に運行予定（大鹿村）,7月 8月 登山バス 運行予定,一致,
TH-n1669425258,attrs.parking,越路ゲートの駐車場（トイレあり）。路上駐車は禁止,越路ゲート 路上駐車,一致,
TH-n1669425258,attrs.restriction,越路ゲートまで車両通行可。越路ゲート〜登山口（約3km）はマイカー規制区間（大鹿村）,3km マイカー規制区間 越路ゲート 車両通行可,一致,
TH-n1669425258,attrs.season,鳥倉林道は例年12月中旬〜4月下旬が冬季閉鎖（冬期閉鎖ゲート〜登山口 約9km）,12月 4月 冬季閉鎖 鳥倉林道,一致,
TH-n1669425258,name,鳥倉登山口（塩見岳・三伏峠）,鳥倉登山口,一致,
TH-n1669425258,notes,大鹿村が登山道情報と路上駐車禁止の案内を公開している（大鹿村）,登山道情報 路上駐車禁止,一致,
TH-n1669425258,notes,長野県登山安全条例の指定登山道では登山計画書の提出が必要,指定登山道 登山計画書 長野県登山安全条例,一致,
TH-n1687289956,attrs.forestRoad,鹿島林道 車両通行可（2026年6月13日〜9月30日）,車両通行可 鹿島林道,語句の一部が見つからない,車両通行可
TH-n1687289956,name,夕張岳 冷水コース登山口（夕張側・鹿島林道の先）,冷水コース登山口,語句が見つからない,冷水コース登山口
TH-n1687289956,notes,夕張岳に通じる鹿島林道は2026年6月13日〜9月30日は車両通行可。降雨等で予告なく通行止めになる場合がある（北海道森林管理局・夕張市、2026年6月5日発表）,13日 2026年 30日 6月 9月 車両通行可 鹿島林道,語句の一部が見つからない,車両通行可
TH-n1687289956,notes,速度20km/h以下での走行が求められ、降雨等で予告なく通行止めになることがある（北海道森林管理局）,20km,一致,
TH-n1722020927,attrs.restriction,道道111号 静内ダムゲートから先は歩行者も含め通行止め,111 静内ダムゲート,一致,
TH-n1722020927,name,ペテガリ岳 東の沢コース側（ペテガリ山荘方面）,ペテガリ岳 沢コース側,語句の一部が見つからない,沢コース側
TH-n1722020927,notes,ペテカリ山荘は通年無人・1人500円、水場は6月上旬〜10月下旬（新ひだか町）,,目視で確認,新ひだか町のページは「ぺテカリ山荘」（ひらがなの「ぺ」）と表記
TH-n1722020927,notes,一般的なのは浦河町側の神威山荘からの西尾根コースで、片道約17km・約12時間の2泊3日の上級者向け（新ひだか町）,12時間 17km 3日 上級者向 浦河町側 神威山荘 西尾根コース,語句の一部が見つからない,浦河町側
TH-n1722020927,notes,地点の位置は未確認,,照合の根拠（本データ側の記録）,
TH-n1722020927,notes,東尾根コース（大樹町のペテガリ橋登山口）は整備されておらず一般的ではない（新ひだか町）,ペテガリ橋登山口 東尾根コース,一致,
TH-n1722020927,notes,道道111号（静内中札内線）は落石等で静内ダムゲートから先が歩行者を含めて通行止め。新ひだか町側からは入山できない（北海道森林管理局・新ひだか町）,111 静内ダムゲート 静内中札内線,一致,
TH-n1728530871,attrs.restriction,登山口までのアクセス道路で道路改良工事による交通制限・迂回がある,アクセス道路 交通制限 道路改良工事,語句の一部が見つからない,アクセス道路
TH-n1728530871,name,北谷登山口（祖母山）,北谷登山口,一致,
TH-n1728530871,notes,入山前に高千穂町・エコパーク協議会の道路情報を確認すること,,注意喚起（出典の要約ではない）,
TH-n1728530871,notes,祖母山北谷登山口へのアクセス道路は工事のため通行止め・迂回となる期間がある（祖母・傾・大崩ユネスコエコパーク）,アクセス道路 祖母山北谷登山口,語句の一部が見つからない,アクセス道路
TH-n1742841008,attrs.parking,町営の無料駐車場（割谷・蒼滝）と有料の湯の山パーキングセンター（料金は案内により異なる）,山パーキングセンター 無料駐車場,一致,
TH-n1742841008,attrs.restriction,中登山道は通行止め（2025年5月25日〜、当面の間）,中登山道,一致,
TH-n1742841008,name,湯の山温泉駅（御在所ロープウエイ）,山温泉駅,語句が見つからない,山温泉駅
TH-n1742841008,notes,登山者用の無料駐車場（割谷・蒼滝）と有料駐車場が案内されている（御在所ロープウエイ・菰野町観光協会）,有料駐車場 無料駐車場 登山者用,一致,
TH-n1759782280,name,黒檜山登山口（赤城山）,黒檜山登山口,語句が見つからない,黒檜山登山口
TH-n1759782280,notes,覚満淵は周囲約800mの湿原（「小尾瀬」とも呼ばれる）,800m,一致,
TH-n1759782280,notes,赤城山ビジターセンター周辺に駐車場があり、覚満淵・小沼・鳥居峠などを巡るコースの起点になる,赤城山ビジターセンター周辺,語句が見つからない,赤城山ビジターセンター周辺
TH-n1773393516,attrs.fee,二本ボソから先は私有地のため入山料 500円,500円 二本ボソ,一致,
TH-n1773393516,attrs.parking,曽爾高原 野口駐車場 150台・800円（普通車、ゲートで支払い）・トイレあり,150台 800円 曽爾高原 野口駐車場,一致,
TH-n1773393516,name,曽爾高原（倶留尊山登山口）,曽爾高原,一致,
TH-n1773393516,notes,二本ボソから先の倶留尊山は私有地で、維持管理のための入山料500円が必要（三重県観光連盟）,500円 二本ボソ 倶留尊山 維持管理,語句の一部が見つからない,維持管理
TH-n1773393516,notes,曽爾高原からお亀池沿いに亀山峠を経て倶留尊山へ至る（三重県観光連盟）,倶留尊山 曽爾高原,一致,
TH-n1811071147,name,夫婦池（塔ノ丸登山口）,,出典なし（地名照合のみ）,
TH-n1811071147,notes,国土地理院の地名「夫婦池」とOSMの登山道の接続点の位置が一致（独立した2情報源）,,照合の根拠（本データ側の記録）,
TH-n1811071147,notes,夫婦池は塔ノ丸の登山口,,照合の根拠（本データ側の記録）,
TH-n1940688846,attrs.restriction,噴火警戒レベル1（2026年5月15日に引き下げ）,噴火警戒レベル,一致,
TH-n1940688846,notes,レベル1でも湯釜火口から約500mでは小規模噴出の可能性。窪地や谷地形にたまる火山ガスに注意（気象庁）,500m 小規模噴出 湯釜火口 火山ガス,語句の一部が見つからない,小規模噴出
TH-n1940688846,notes,草津白根山（湯釜付近）・本白根山とも噴火警戒レベル1（気象庁、2026年5月15日引き下げ）,噴火警戒レベル 本白根山 湯釜付近 草津白根山,語句の一部が見つからない,本白根山
TH-n1954467701,name,有明山登山口（中房側）,有明山登山口,一致,
TH-n1954467701,notes,長野県の山のグレーディング（2026年）に「有明山登山口(三段の滝)」（安曇野市、有明山）が載っている（長野県）,2026年 グレーディング 安曇野市 有明山登山口,一致,
TH-n1954467701,notes,長野県登山安全条例により、指定登山道では登山計画書の提出が必要（長野県）,指定登山道 登山計画書 長野県登山安全条例,一致,
TH-n1954467705,attrs.restriction,松川村側の裏参道は、過去の大雨で橋の流失や登山道の崩落があり復旧の目途が立たず、利用を控えるよう案内されている,松川村側,一致,
TH-n1954467705,name,有明山登山口（中房側）,有明山登山口,一致,
TH-n1954467705,notes,この地点がどちらの参道の登山口かは未確認,,照合の根拠（本データ側の記録）,
TH-n1954467705,notes,垂直に近い鎖場や急な登りが続く（松川村）,,照合語なし,
TH-n1954467705,notes,松川村は表参道（安曇野市側）の利用を勧めている（松川村）,安曇野市側,一致,
TH-n1954467705,notes,長野県の山のグレーディング（2026年）に安曇野市の「有明山登山口(三段の滝)」「有明山登山口(有明荘北側入口)」「表参道登山口」が載っている（長野県）,2026年 グレーディング 安曇野市 有明山登山口 有明荘北側入口 表参道登山口,一致,
TH-n2016679942,name,馬坂峠（帝釈山登山口）,,照合語なし,
TH-n2016679942,notes,山開きの日程は南会津町が公表している,南会津町,一致,
TH-n2016679942,notes,猿倉登山口へ通じる県道350号（栗山舘岩線）は水引集落から先が未舗装で、国道から40分〜1時間（福島県）,1時間 350 40分 栗山舘岩線 水引集落 猿倉登山口,一致,
TH-n2045619323,name,滑床（高月山・三本杭方面）,,出典なし（地名照合のみ）,
TH-n2045619323,notes,国土地理院の地名との差が209mあり、登山口そのものの位置は目視未確認,,照合の根拠（本データ側の記録）,
TH-n2045619323,notes,滑床は三本杭・高月山方面の入口にあたる,,照合の根拠（本データ側の記録）,
TH-n2051423123,name,夕張岳 金山コース登山道入口,金山コース登山道入口,語句が見つからない,金山コース登山道入口
TH-n2052127051,notes,この地点がどの登山口かは未確認,,照合の根拠（本データ側の記録）,
TH-n2052127051,notes,栃谷登山口（南砺市利賀村）は北陸自動車道砺波ICから車で約1時間、山頂まで約2時間半、駐車場あり（南砺市観光協会）,1時間 2時間 北陸自動車道砺波 南砺市利賀村 栃谷登山口,一致,
TH-n2065580749,attrs.registration,妙義神社中間道入口と相馬岳大の字登山口（いずれも富岡市妙義町妙義）に登山届提出箱・啓発掲示物がある（群馬県）,啓発掲示物 妙義神社中間道入口 字登山口 富岡市妙義町妙義 登山届提出箱 相馬岳大,一致,
TH-n2065580749,name,妙義神社（登山口）,妙義神社,一致,
TH-n2065580749,notes,山火事に伴う登山道の封鎖は解除されたが、一部の上級者コースは火事の影響を受けている箇所がある。雨の後は鎖場の岩が滑りやすく、大雨による土砂の流出や倒木もある（下仁田町、2025年12月27日更新）,上級者コース,一致,
TH-n2065580749,notes,頂上主稜線（白雲山〜金洞山の縦走）は完全に上級者向けで、登攀技術・装備（ザイル・ハーネス・カラビナ等）の無い人は登山を控えるよう案内されている。滑落遭難事故が頻発している（下仁田町）,カラビナ等 ハーネス 上級者向 滑落遭難事故 登攀技術 頂上主稜線,一致,
TH-n2082318771,name,大間々台（高原山 釈迦ヶ岳登山口）,大間々台,語句が見つからない,大間々台
TH-n2082318771,notes,栃木県が登山道・遊歩道情報と山のグレーディングを公開している,,目視で確認,出典のページ名が「栃木県登山道・遊歩道情報」
TH-n2082318771,notes,高原山は栃木県北部の成層火山で、最高峰は釈迦ヶ岳（栃木県・気象庁）,成層火山 栃木県北部 釈迦ヶ岳,一致,
TH-n2086617518,attrs.parking,県営峠の茶屋無料駐車場（ライブカメラあり）,茶屋無料駐車場,一致,
TH-n2086617518,name,峠の茶屋駐車場（那須岳登山口）,茶屋駐車場,一致,
TH-n2086617518,notes,那須岳（茶臼岳）は常時観測火山で、突発的な噴火の可能性がある（気象庁 宇都宮地方気象台）,常時観測火山,語句が見つからない,常時観測火山
TH-n2086617518,notes,那須町が駐車場のライブカメラを公開しており、天候と混雑を確認できる,ライブカメラ,一致,
TH-n2098465911,name,不動沢のコル側登山口（皇海橋・群馬県側）,コル側登山口,語句が見つからない,コル側登山口
TH-n2098465911,notes,林道は通行止めになることがあるため、栃木県・群馬県の林道情報を確認すること,,注意喚起（出典の要約ではない）,
TH-n2098465911,notes,栃木県側（庚申山荘経由）は山頂まで約6時間（環境省）,6時間 庚申山荘経由 栃木県側,語句の一部が見つからない,庚申山荘経由
TH-n2098465911,notes,群馬県側は皇海橋近くの登山口から山頂まで約3時間。登山口までは根利林道を1時間30分ほど走る（環境省）,1時間 30分 3時間 根利林道 皇海橋近 群馬県側,語句の一部が見つからない,皇海橋近
TH-n2105631062,attrs.restriction,噴火警戒レベル2（火口周辺規制）,噴火警戒レベル,一致,
TH-n2105631062,name,オンネトーコース登山口,オンネトーコース登山口,語句が見つからない,オンネトーコース登山口
TH-n2105631062,notes,噴火警戒レベル2（2025年9月15日 気象庁発表）により、オンネトーコースは7合目より上が立入禁止（釧路市・足寄町）,15日 2025年 9月 オンネトーコース 噴火警戒レベル 気象庁発表 立入禁止,語句の一部が見つからない,気象庁発表
TH-n2105633349,attrs.restriction,噴火警戒レベル2（火口周辺規制）,噴火警戒レベル,一致,
TH-n2105633349,name,雌阿寒温泉登山口,雌阿寒温泉登山口,語句が見つからない,雌阿寒温泉登山口
TH-n2105633349,notes,入山前に気象庁の噴火警戒レベルと自治体の規制を確認すること,,注意喚起（出典の要約ではない）,
TH-n2105633349,notes,噴火警戒レベル2（2025年9月15日 気象庁発表）により、雌阿寒温泉コースは7合目より上が立入禁止（釧路市・足寄町）,15日 2025年 9月 噴火警戒レベル 気象庁発表 立入禁止 雌阿寒温泉コース,語句の一部が見つからない,気象庁発表
TH-n2109605325,attrs.restriction,噴火警戒レベル3（入山規制）,噴火警戒レベル,一致,
TH-n2109605325,name,白銀荘前（十勝岳温泉・吹上温泉側の登山口）,白銀荘前,語句が見つからない,白銀荘前
TH-n2109605325,notes,2026年9月12日9時30分に噴火警戒レベル3（入山規制）へ引き上げられた（気象庁）。火口から概ね3kmの範囲は立入禁止で、十勝岳への登山はできない,12日 2026年 30分 3km 9時 9月 入山規制 噴火警戒レベル 立入禁止,語句の一部が見つからない,立入禁止
TH-n2109605325,notes,入山前に気象庁の噴火警戒レベルと自治体の指示を確認すること,,注意喚起（出典の要約ではない）,
TH-n2109605325,notes,対象市町村は富良野市・美瑛町・上富良野町・南富良野町・新得町（気象庁）,上富良野町 南富良野町 富良野市 対象市町村,一致,
TH-n2150377355,name,芦別岳 新道・旧道コース登山口（山部自然公園太陽の里側）,旧道コース登山口,語句が見つからない,旧道コース登山口
TH-n2150377355,notes,富良野芦別道立自然公園内,富良野芦別道立自然公園内,語句が見つからない,富良野芦別道立自然公園内
TH-n2150377355,notes,旧道は度重なる大雨で荒れており、登山道が不明瞭な区間がある。携帯電話の電波も弱い（北海道森林管理局）,携帯電話,一致,
TH-n2162687755,attrs.restriction,十勝側のシュナイダー登山口へはシンノスケ迂回林道（三国峠側）・シンノスケ迂回1の沢林道・音更川林道・音更川本流林道の4路線を通る（2024年3月8日時点いずれも通行可）,シュナイダー登山口 シンノスケ迂回 シンノスケ迂回林道 三国峠側 音更川本流林道 音更川林道,一致,
TH-n2162687755,notes,この地点がどのコースの登山口かは未確認,,照合の根拠（本データ側の記録）,
TH-n2162687755,notes,上川側から音更山・ユニ石狩岳へ通じる由仁石狩林道は通行止め（復旧見込みなし）（北海道森林管理局 上川中部）,ユニ石狩岳 復旧見込 由仁石狩林道,語句の一部が見つからない,復旧見込
TH-n2162687755,notes,十勝側のシュナイダーコース（石狩岳・音更山・ユニ石狩岳）は4林道とも通行可（北海道森林管理局 東大雪支署）,シュナイダーコース ユニ石狩岳,一致,
TH-n2162687755,notes,沼ノ原・石狩岳・五色岳へは層雲峡本流林道を利用（通行可。9月19日〜30日はマイカー規制）（北海道森林管理局 上川中部）,19日 30日 9月 マイカー規制 層雲峡本流林道,一致,
TH-n2162749690,attrs.forestRoad,古川砂金越林道 通行可,古川砂金越林道,一致,
TH-n2162749690,attrs.restriction,古川砂金越林道にゲートあり。2026年6月17日に冬期通行止めが解除された（大雪山国立公園連絡協議会）,,目視で確認,大雪山国立公園連絡協議会の記事の日付が「2026.06.17」、本文に「冬期間通行止め解除して通行可能」とある
TH-n2162749690,name,ニセイカウシュッペ山登山口（古川林道終点）,ニセイカウシュッペ山登山口,一致,
TH-n2162749690,notes,ゲートから奥の林道・作業道は水の流れた溝による段差や路肩の崩れがあり、速度を落として通行すること（層雲峡ビジターセンター）,,照合語なし,
TH-n2162749690,notes,登山口へは古川砂金越林道を利用（北海道森林管理局。通行可）。砂利道で、雨などで状況が変わるため入山前に確認すること,,注意喚起（出典の要約ではない）,
TH-n2293340109,attrs.restriction,通年マイカー規制（沢渡・あかんだな駐車場で乗り換え）,通年マイカー規制,語句が見つからない,通年マイカー規制
TH-n2293340109,attrs.season,2026年度の開山は4月17日〜11月15日,11月 15日 17日 2026年 4月,一致,
TH-n2293340109,name,上高地バスターミナル,上高地バスターミナル,一致,
TH-n2293340109,notes,2026年度の開山期間は4月17日〜11月15日、通行時間は5時〜19時（7・8月は5時〜20時）（環境省）,11月 15日 17日 19時 2026年 20時 4月 5時 8月 通行時間 開山期間,語句の一部が見つからない,通行時間
TH-n2293340109,notes,上高地は通年マイカー規制。松本市側は沢渡駐車場、高山市側はあかんだな駐車場でバス・タクシーに乗り換える（環境省・長野県）,タクシー 松本市側 沢渡駐車場 通年マイカー規制 高山市側,語句の一部が見つからない,松本市側 通年マイカー規制 高山市側
TH-n2293340109,notes,長野県登山安全条例により、指定登山道では登山計画書の提出が必要（長野県）,指定登山道 登山計画書 長野県登山安全条例,一致,
TH-n2336619883,attrs.restriction,16の沢林道とその分岐までの音更川本流林道は大規模災害で当面復旧の見通しなし。幌加温泉コース（98林班作業道）はゲート未開放で、駐車はゲート地点,,目視で確認,北海道森林管理局のページに16の沢林道の復旧見通しなし、98林班作業道はゲート未開放でゲート位置に駐車とある
TH-n2336619883,notes,この地点がどの登山口かは未確認,,照合の根拠（本データ側の記録）,
TH-n2336619883,notes,ニペソツ山の十六の沢コースは林道が使えない。幌加温泉コースはゲート地点から歩く（北海道森林管理局 東大雪支署）,,目視で確認,北海道森林管理局のページに16の沢林道の復旧見通しなし、98林班作業道はゲート未開放でゲート位置に駐車とある
TH-n2336619883,notes,幌加温泉コースは長く、日帰りには適さない（上士幌町観光協会）,,目視で確認,北海道森林管理局のページに16の沢林道の復旧見通しなし、98林班作業道はゲート未開放でゲート位置に駐車とある
TH-n2336621032,attrs.forestRoad,十六ノ沢林道・音更川本流林道は大規模災害により復旧見通しなし,十六ノ沢林道 大規模災害 復旧見通 音更川本流林道,語句の一部が見つからない,十六ノ沢林道 復旧見通
TH-n2336621032,notes,この地点がどのコースの登山口かは未確認,,照合の根拠（本データ側の記録）,
TH-n2336621032,notes,代替として幌加温泉コースが利用されている。幌加温泉コースの98林班作業道はゲートを開放しておらず、ゲート位置の土場に駐車する（北海道森林管理局）,98 ゲート位置 幌加温泉コース 林班作業道,一致,
TH-n2336621032,notes,十六ノ沢登山口へ通じる林道は2016年の大雨で崩壊し、復旧の見通しが立っていない（環境省・北海道森林管理局）,2016年 十六ノ沢登山口,一致,
TH-n2349487826,attrs.bus,規制期間中は市ノ瀬からシャトルバス,シャトルバス 規制期間中,語句の一部が見つからない,規制期間中
TH-n2349487826,attrs.parking,市ノ瀬 約560台、別当出合 約200台,200台 560台 別当出合,一致,
TH-n2349487826,attrs.restriction,市ノ瀬〜別当出合（約6km）はピーク時マイカー規制（2026年度は7月4日〜10月12日）,6km ピーク時マイカー規制 別当出合,語句の一部が見つからない,ピーク時マイカー規制
TH-n2349487826,name,別当出合（白山 砂防新道・観光新道登山口）,別当出合,一致,
TH-n2349487826,notes,別当出合駐車場では事前予約制の社会実験が行われたことがある（環境省）,事前予約制 別当出合駐車場 社会実験,一致,
TH-n2349487826,notes,白山国立公園の自然保護・混雑緩和・安全確保のためマイカー規制が行われる（石川県）,マイカー規制 安全確保 混雑緩和 白山国立公園 自然保護,一致,
TH-n2350558039,name,喜茂別コース登山口,喜茂別コース登山口,語句が見つからない,喜茂別コース登山口
TH-n2352858196,attrs.parking,池の茶屋登山口駐車場は20台、トイレあり（富士川町）,20台 茶屋登山口駐車場,一致,
TH-n2352858196,attrs.season,櫛形山への林道は県営林道で、目安として12月〜4月下旬まで通行止め。最新情報は山梨県の県営林道通行規制情報で確認（富士川町）,12月 4月 最新情報 県営林道 県営林道通行規制情報,語句の一部が見つからない,県営林道通行規制情報
TH-n2352858196,name,池の茶屋登山口,茶屋登山口,一致,
TH-n2352858196,notes,池の茶屋登山口からの登山コースで、ルートにもよるが約4時間程度で下山できる（富士川町）,4時間 時間程度 登山コース 茶屋登山口,一致,
TH-n2352858196,notes,鹿などによる食害が深刻化しており、登山道はネットで保護されている区域も多い（富士川町）,,照合語なし,
TH-n2359582246,name,川上登山口,川上登山口,語句が見つからない,川上登山口
TH-n2417779397,name,酸ヶ湯（八甲田大岳コース登山口）,,照合語なし,
TH-n2417779397,notes,八甲田の登山道は火山活動等で閉鎖されることがあるため、青森県の情報を確認すること,,注意喚起（出典の要約ではない）,
TH-n2417779397,notes,登山装備が必要なコース（環境省）,登山装備,一致,
TH-n2417779397,notes,酸ヶ湯温泉からロープウェーを使わずに主峰・大岳へ登る周回コースがあり、日帰りで約5時間（環境省）,5時間 ロープウェー 周回コース 酸ヶ湯温泉,語句の一部が見つからない,周回コース
TH-n2475107643,attrs.restriction,噴火警戒レベル1（2026年5月22日にレベル2から引き下げ）,噴火警戒レベル,一致,
TH-n2475107643,name,黒斑コース登山口（高峰高原）,黒斑コース登山口,語句が見つからない,黒斑コース登山口
TH-n2475107643,notes,山頂火口から500mの範囲では小規模な噴火の可能性があり、火山ガス等に注意（気象庁）,500m 山頂火口 火山ガス等,一致,
TH-n2475107643,notes,浅間山の噴火警戒レベルは2026年5月22日にレベル1へ引き下げられ、小諸市・軽井沢町・御代田町の入山規制は解除（気象庁・軽井沢町）,2026年 22日 5月 入山規制 噴火警戒レベル 御代田町 軽井沢町,一致,
TH-n2475107643,notes,登山ポストは高峰高原ホテルそば（黒斑コース登山口）に設置（小諸市）,登山ポスト 高峰高原ホテル 黒斑コース登山口,語句の一部が見つからない,登山ポスト 黒斑コース登山口
TH-n2480853863,attrs.parking,駐車場あり（鹿児島県）,,照合語なし,
TH-n2480853863,name,かいもん山麓ふれあい公園（開聞岳登山口）,,照合語なし,
TH-n2480853863,notes,JR開聞駅から車で3分・徒歩20分（鹿児島県）,20分 3分,一致,
TH-n2480853863,notes,かいもん山麓ふれあい公園は開聞岳の麓にある登山者の玄関口（国土交通省・鹿児島県）,,照合語なし,
TH-n2480853863,notes,公式情報の登山口と、地理院地図で徒歩道が道路から始まる位置（1m差）が一致,,照合の根拠（本データ側の記録）,
TH-n2483159337,name,明神登山口（霞沢岳）,明神登山口,一致,
TH-n2483159337,notes,長野県の山のグレーディング（2026年）に「明神登山口」（松本市、霞沢岳）が載っている（長野県）,2026年 グレーディング 明神登山口,一致,
TH-n2483159337,notes,長野県登山安全条例により、指定登山道では登山計画書の提出が必要（長野県）,指定登山道 登山計画書 長野県登山安全条例,一致,
TH-n2599117536,attrs.fee,"ロープウェイは大人（18歳以上）往復2,000円、片道1,500円（グランデコリゾート）","1,500円 18 2,000円 ロープウェイ",一致,
TH-n2599117536,attrs.hours,土日祝8:30〜15:30（下り最終16:00）、平日8:30〜15:00（下り最終15:30）（グランデコリゾート）,00 15 16 30,一致,
TH-n2599117536,attrs.parking,裏磐梯ロープウエイ駐車場を利用（裏磐梯ビジターセンター）,裏磐梯ロープウエイ駐車場,一致,
TH-n2599117536,attrs.season,グランデコ裏磐梯ロープウェイは2026年は8月1日〜8月30日と10月10日〜11月8日のみ運行（グランデコリゾート）,10日 10月 11月 1日 2026年 30日 8日 8月 グランデコ裏磐梯ロープウェイ,一致,
TH-n2599117536,name,裏磐梯ロープウエイ山頂駅（グランデコ）,裏磐梯ロープウエイ山頂駅,一致,
TH-n2599117536,notes,入山前に気象庁の吾妻山の火山の活動状況と噴火警戒レベルを確認すること,,注意喚起（出典の要約ではない）,
TH-n2599117536,notes,裏磐梯ロープウエイ山頂駅から西大巓を経由して西吾妻山まで片道約3.7km、約2時間30分（裏磐梯ビジターセンター）,2時間 3.7km 30分 裏磐梯ロープウエイ山頂駅 西吾妻山,一致,
TH-n2599117536,notes,霧が発生するなど天候が悪化すると迷いやすい（裏磐梯ビジターセンター）,,照合語なし,
TH-n2630094848,attrs.hours,9時〜15時（15時までに6合目駐車場へ下山）,,目視で確認,北海道森林管理局・森町のページに「午前9時00分から午後3時00分まで」とある
TH-n2630094848,attrs.restriction,山頂火口部から半径4kmが規制区域。赤井川登山道のみ馬ノ背まで登山可,4km 山頂火口部 規制区域 赤井川登山道,一致,
TH-n2630094848,attrs.season,令和8年（2026年）は6月1日〜10月31日,10月 1日 2026年 31日 6月 8年,一致,
TH-n2630094848,name,北海道駒ヶ岳 6合目駐車場（赤井川登山道）,北海道駒ヶ岳 合目駐車場,一致,
TH-n2630094848,notes,北海道駒ヶ岳火山防災協議会などによる任意の規制で、期間・時間は年度ごとに変わるため最新情報を確認すること,,注意喚起（出典の要約ではない）,
TH-n2630094848,notes,登山できるのは赤井川登山道のみで、最終地点は馬ノ背（森町・北海道森林管理局）,最終地点 赤井川登山道,一致,
TH-n2804972401,attrs.regulation,群馬県谷川岳遭難防止条例（昭和42年施行）により危険地区と登山届の制度がある,42年 危険地区 群馬県谷川岳遭難防止条例,一致,
TH-n2804972401,name,谷川岳ロープウェイ土合口駅,谷川岳ロープウェイ土合口駅,語句が見つからない,谷川岳ロープウェイ土合口駅
TH-n2804972401,notes,山麓と天神平の尾根を結ぶロープウェイがある（国土交通省）,ロープウェイ,一致,
TH-n2804972401,notes,登山届の提出方法は群馬県・みなかみ町の案内を確認すること,,注意喚起（出典の要約ではない）,
TH-n2804972401,notes,谷川岳遭難防止条例に基づき登山指導センターが置かれ、危険地区が指定されている,危険地区 登山指導センター 谷川岳遭難防止条例,一致,
TH-n286911415,attrs.season,磐梯吾妻スカイラインは4月上旬〜11月中旬（冬期閉鎖）,11月 4月 磐梯吾妻スカイライン,一致,
TH-n286911415,name,浄土平（兎平駐車場付近）,,照合語なし,
TH-n286911415,notes,入山前に福島県・気象庁の最新情報を確認すること,,注意喚起（出典の要約ではない）,
TH-n286911415,notes,吾妻山の噴火警戒レベルは1だが、過去にレベル2で火口周辺の登山道が通行止めになったことがある（福島県）,噴火警戒レベル 火口周辺,一致,
TH-n286911415,notes,浄土平は福島駅からバスで約1時間。一切経山へは約1時間30分（環境省）,1時間 30分 一切経山,一致,
TH-n2921600660,name,有馬温泉（六甲山 北側の登山口）,有馬温泉,語句が見つからない,有馬温泉
TH-n2921600660,notes,六甲山系登山道の通行止め情報は入山前に確認すること（神戸市）,六甲山系登山道,一致,
TH-n2921600660,notes,神戸市が六甲山系の登山道情報を公開している（神戸市）,六甲山系 登山道情報,語句の一部が見つからない,登山道情報
TH-n294052573,name,那須ロープウェイ山頂駅,那須ロープウェイ山頂駅,一致,
TH-n294052573,notes,ロープウェイで9合目の山頂駅へ。山頂駅から茶臼岳山頂まで約50分（環境省）,50分 ロープウェイ 茶臼岳山頂,語句の一部が見つからない,茶臼岳山頂
TH-n294052573,notes,那須岳は常時観測火山（気象庁）,常時観測火山,語句が見つからない,常時観測火山
TH-n2964285770,name,国見温泉登山口,国見温泉登山口,語句が見つからない,国見温泉登山口
TH-n297938948,attrs.restriction,上高地側の焼岳登山道は冬期通行止め,上高地側 冬期通行止 焼岳登山道,語句の一部が見つからない,冬期通行止
TH-n297938948,name,新中の湯登山口（焼岳）,湯登山口,語句が見つからない,湯登山口
TH-n297938948,notes,焼岳登山道（上高地側）は冬期間通行止めとなる（長野県）,上高地側 冬期間通行止 焼岳登山道,語句の一部が見つからない,冬期間通行止
TH-n297938948,notes,長野県登山安全条例の指定登山道では登山計画書の提出が必要,指定登山道 登山計画書 長野県登山安全条例,一致,
TH-n301037600,attrs.season,国道352号には冬期通行止めの区間がある（魚沼市が冬期通行止め情報を案内）,352 冬期通行止,一致,
TH-n301037600,name,枝折峠（越後駒ヶ岳登山口）,,照合語なし,
TH-n301037600,notes,枝折峠は越後駒ヶ岳の登山口。国道352号の冬期通行止め情報は魚沼市・新潟県の案内で確認すること,,注意喚起（出典の要約ではない）,
TH-n301037600,notes,登山計画書は登山口の提出箱・警察署・県警本部のいずれかへ（新潟県警察）,登山計画書 県警本部,語句の一部が見つからない,県警本部
TH-n301037600,notes,駒の小屋（越後駒ヶ岳避難小屋）がある（魚沼市）,越後駒ヶ岳避難小屋,一致,
TH-n3050597003-2,attrs.restriction,戸台大橋ゲートから北沢峠は一般車通行禁止（南アルプス林道バスを利用）,一般車通行禁止 戸台大橋ゲート,語句の一部が見つからない,一般車通行禁止
TH-n3050597003-2,name,北沢峠（南アルプス林道バス）,,照合語なし,
TH-n3050597003-2,notes,北沢峠へは伊那市の戸台（仙流荘）からのバス、または広河原からのバスで入る（環境省）,,目視で確認,環境省の交通案内に「マイカーを伊那市長谷『仙流荘』に駐車して林道バス」、広河原へは芦安・奈良田から路線バスとある
TH-n3065036770,notes,この地点がどの登山口かは未確認,,照合の根拠（本データ側の記録）,
TH-n3065036770,notes,"森吉山（1,454.2m）の登山口のひとつはこめつが山荘（標高794m、往復13.3km）（秋田県 山岳グレーディング）",,目視で確認,"秋田県の山岳グレーディングの表に「こめつが山荘 794」「森吉山山頂 1,454.2」「13.3」がある"
TH-n3152528745,name,蔵王ロープウェイ地蔵山頂駅,蔵王ロープウェイ地蔵山頂駅,語句が見つからない,蔵王ロープウェイ地蔵山頂駅
TH-n3152528745,notes,蔵王山の噴火警戒レベルは2から1へ引き下げられ、宮城県（蔵王町・七ヶ宿町・川崎町）と山形県（山形市・上山市）の入山規制は解除されている（気象庁・山形市）,七ヶ宿町 入山規制 噴火警戒レベル,一致,
TH-n3152528745,notes,馬の背カルデラ内の丸山沢・振子沢では噴気や火山ガスの噴出がみられ、異変を感じたら速やかにカルデラから離れること（気象庁）,カルデラ 火山ガス 背カルデラ内,一致,
TH-n3154320165,attrs.season,国道292号（志賀草津道路）は冬期閉鎖,292 冬期閉鎖 志賀草津道路,語句の一部が見つからない,志賀草津道路
TH-n3154320165,name,渋峠（横手山）,,照合語なし,
TH-n3154320165,notes,"横手山（2,307m）はリフトで上がれる。のぞき〜横手山のリフトは約11分（国土交通省）","11分 2,307m",一致,
TH-n3154320165,notes,渋峠は国道で日本最高標高の地点。国道292号は冬期閉鎖され、志賀高原側・草津側ともゲートが閉まる（長野県・環境省）,292 冬期閉鎖 志賀高原側 日本最高標高,語句の一部が見つからない,志賀高原側 日本最高標高
TH-n3262686817,name,奥岳登山口（あだたら高原）,奥岳登山口,一致,
TH-n3262686817,notes,くろがね小屋は建て替え中でトイレが利用できない（二本松市）,,照合語なし,
TH-n3262686817,notes,ロープウェイ山頂駅のトイレは故障のため利用できない（二本松市、2024年10月10日更新）,ロープウェイ山頂駅,一致,
TH-n3262686817,notes,火口の沼ノ平では火山灰や火山ガスの噴出がみられる（気象庁）,火山ガス,一致,
TH-n3464901750,name,筏津（東赤石山登山口）,,出典なし（地名照合のみ）,
TH-n3464901750,notes,国土地理院の地名とOSMの登山道の接続点の位置が一致（独立した2情報源）,,照合の根拠（本データ側の記録）,
TH-n3464901750,notes,筏津は東赤石山の登山口,,照合の根拠（本データ側の記録）,
TH-n3702582421,name,刈田岳側（蔵王ハイライン・刈田リフト上）,刈田岳側,語句が見つからない,刈田岳側
TH-n3702582421,notes,この地点の名称・位置は未確認,,照合の根拠（本データ側の記録）,
TH-n3702582421,notes,蔵王山の噴火警戒レベルは2から1へ引き下げられ、宮城県（蔵王町・七ヶ宿町・川崎町）と山形県（山形市・上山市）の入山規制は解除されている（気象庁・山形市）,七ヶ宿町 入山規制 噴火警戒レベル,一致,
TH-n3702582421,notes,馬の背カルデラ内の丸山沢・振子沢では噴気や火山ガスの噴出がみられ、異変を感じたら速やかにカルデラから離れること（気象庁）,カルデラ 火山ガス 背カルデラ内,一致,
TH-n3702974301,name,月山リフト上駅（姥沢・西川町側）,月山リフト上駅,語句が見つからない,月山リフト上駅
TH-n3733873420,name,清滝（愛宕山 表参道登山口）,,照合語なし,
TH-n3779984642,attrs.parking,八方台駐車場が満車の場合は八方台第2駐車場・こがね平駐車場を利用（路上駐車は不可）,八方台第 八方台駐車場 平駐車場,一致,
TH-n3779984642,name,八方台登山口,八方台登山口,一致,
TH-n3779984642,notes,八方台登山口周辺の路上駐車は危険なため禁止されている（福島県）,八方台登山口周辺 路上駐車,一致,
TH-n3779984642,notes,噴火警戒レベルは1だが、火口内等では噴気・火山ガスの噴出があり危険（気象庁）,噴火警戒レベル 火口内等 火山ガス,一致,
TH-n3779984642,notes,磐梯山は磐梯朝日国立公園の特別保護地区等に指定されている（福島県）,特別保護地区等 磐梯朝日国立公園,一致,
TH-n3786002110,name,笹ヶ峰（火打山・妙高山登山口）,,照合語なし,
TH-n3786002110,notes,燕温泉からは燕登山道・燕新道の2コースがある（新潟県）,燕登山道,一致,
TH-n3786002110,notes,笹ヶ峰コースは富士見平まで火打山・妙高山の登山道が共通。日帰りは難しく山小屋泊が推奨される（新潟県）,富士見平 山小屋泊 笹ヶ峰コース,語句の一部が見つからない,山小屋泊
TH-n389739036,attrs.parking,市営駐車場は前払い（500円硬貨）。筑波山麓駐車場は無料（5時〜20時）,500円 市営駐車場 筑波山麓駐車場,語句の一部が見つからない,筑波山麓駐車場
TH-n389739036,name,つつじヶ丘（筑波山ロープウェイ）,,照合語なし,
TH-n389739036,notes,女体山の山頂は狭い岩場で、混雑して待つことがある（つくば市）,,照合語なし,
TH-n389739036,notes,混雑時はケーブルカー・ロープウェイとも最大2時間待ちになることがある（つくば市）,2時間 ケーブルカー ロープウェイ,一致,
TH-n4092072861,name,女峰山登山口,女峰山登山口,語句が見つからない,女峰山登山口
TH-n4092072861,notes,女峰山は赤薙山とともに日光火山群の東の山塊を成す（栃木県）,日光火山群,一致,
TH-n419153758,attrs.bus,東海バス 修善寺駅〜八丁池口線（4〜11月の土日祝のみ運行）,修善寺駅 八丁池口線 東海バス,一致,
TH-n419153758,attrs.parking,天城高原ハイカー専用駐車場（無料）,天城高原ハイカー専用駐車場,語句が見つからない,天城高原ハイカー専用駐車場
TH-n419153758,name,天城縦走登山口（天城高原）,天城縦走登山口,語句が見つからない,天城縦走登山口
TH-n419153758,notes,5月でも山頂は低温になり低体温症のおそれがある（伊豆市）,5月 低体温症,一致,
TH-n419153758,notes,ゴルフ場の駐車場は利用できない。ハイカーは専用駐車場を使う（伊豆市）,ゴルフ場 ハイカー 専用駐車場,一致,
TH-n419153758,notes,天城シャクナゲコースでは道迷いの遭難が多発している（伊豆市）,天城シャクナゲコース,一致,
TH-n419153758,notes,季節ごとに入山を控える時間帯の目安が示されている（伊豆市）,,目視で確認,伊豆市のページに「下記の時間帯以降は入山を控えてください」とある
TH-n4213643454,attrs.parking,割谷駐車場・蒼滝公共駐車場（いずれも町営・無料）,割谷駐車場 蒼滝公共駐車場,一致,
TH-n4213643454,attrs.restriction,中登山道はおばれ岩付近の崩落の危険により通行止め（2025年5月25日〜、当面の間）,中登山道,一致,
TH-n4213643454,name,裏登山道登山口（御在所岳）,裏登山道登山口,語句が見つからない,裏登山道登山口
TH-n4213643454,notes,中登山道のおばれ岩付近で崩落の危険があり、ほかの登山道の利用が呼びかけられている（菰野町 観光産業課）,中登山道,一致,
TH-n4213643454,notes,登山者は無料の町営駐車場（割谷・蒼滝）の利用が案内されている（菰野町観光協会）,町営駐車場,語句が見つからない,町営駐車場
TH-n4213643454,notes,蒼滝公共駐車場から裏登山道入口まで徒歩約25分（御在所ロープウエイ）,25分 蒼滝公共駐車場 裏登山道入口,語句の一部が見つからない,裏登山道入口
TH-n4217635605,attrs.bus,亀の井バス 由布院駅前バスセンターから約10分「由布登山口」下車（由布市）,,目視で確認,由布市の登山マップ（画像PDF）に「亀の井バス 由布院駅前バスセンターより約10分『由布登山口』下車」とある
TH-n4217635605,attrs.parking,正面登山口 無料駐車場30台（トイレあり）と有料駐車場70台,,目視で確認,由布市の登山マップ（画像PDF）に「無料駐車場（30台）」「有料駐車場（70台）」とトイレの記号がある
TH-n4217635605,name,由布岳正面登山口,,出典ページを取得できない,200
TH-n4217635605,notes,正面登山口から山頂まで平均約2時間30分。西峰には鎖場などの難所がある（由布市）,,目視で確認,由布市の登山マップ（画像PDF）に正面登山口から頂上まで約2時間30分、西峰に鎖場・カニノヨコバイとある
TH-n4217635605,notes,"由布岳（1,584m）の代表的な登山口。由布市が登山マップを公開している（由布市）",,目視で確認,由布市の登山マップ（画像PDF）に「一般的に利用されている正面登山口」とある
TH-n4289785067,attrs.season,五色温泉インフォメーションセンターは6月〜10月（8時〜17時）,10月 6月 五色温泉インフォメーションセンター,一致,
TH-n4289785067,name,ニセコ野営場（五色温泉コース登山口）,ニセコ野営場,一致,
TH-n4289785067,notes,ニセコアンヌプリの登山コースは五色温泉コースのほか、グラン・ヒラフコース（ゴンドラ利用）、ニセコアンヌプリスキー場コースがある（後志総合振興局）,ゴンドラ利用 ニセコアンヌプリ ニセコアンヌプリスキー場コース ヒラフコース 五色温泉コース 登山コース,語句の一部が見つからない,ゴンドラ利用
TH-n4289785067,notes,ニセコ野営場はニセコアンヌプリ・イワオヌプリの登山口にあたる（ニセコ町）,イワオヌプリ ニセコアンヌプリ ニセコ野営場,一致,
TH-n4289785067,notes,ヒグマの出没により登山道やキャンプ場が閉鎖されることがあるため、ニセコ町の情報を確認すること,,注意喚起（出典の要約ではない）,
TH-n4289785067,notes,国土地理院の地名「五色温泉」と約170mで一致,,照合の根拠（本データ側の記録）,
TH-n4331627687,name,二荒山神社中宮祠（男体山登拝口）,二荒山神社中宮祠,語句が見つからない,二荒山神社中宮祠
TH-n4346397970,name,唐沢鉱泉（八ヶ岳 天狗岳登山口）,唐沢鉱泉,語句が見つからない,唐沢鉱泉
TH-n4346397970,notes,唐沢鉱泉は天狗岳の登山口,,照合の根拠（本データ側の記録）,
TH-n4346397970,notes,国土地理院の地名とOSMの地物の位置が一致（独立した2情報源）,,照合の根拠（本データ側の記録）,
TH-n4346397970,notes,長野県登山安全条例の指定登山道では登山計画書の提出が必要,指定登山道 登山計画書 長野県登山安全条例,一致,
TH-n4359786398,name,大日杉登山口（大日杉小屋）,大日杉登山口,語句が見つからない,大日杉登山口
TH-n4359786398,notes,大日杉登山口から飯豊山へは、ざんげ坂・長之助清水などを経由する（東北森林管理局）,,目視で確認,東北森林管理局の巡視報告にザンゲ坂・長之助清水の記述がある
TH-n4359786398,notes,山形県側からは大日杉登山口・岳谷釣り場・飯豊トンネル経由の川入方面へアクセスできる,アクセス 大日杉登山口 山形県側 川入方面 飯豊トンネル経由,語句の一部が見つからない,大日杉登山口 山形県側 川入方面 飯豊トンネル経由
TH-n4359786398,notes,飯豊町と喜多方市（川入集落）を結ぶ林道（飯豊檜枝線・一の木線）は11月上旬〜5月上旬が冬期閉鎖で、川入側からの出入りができない,11月 5月 冬期閉鎖 喜多方市 川入集落 飯豊檜枝線,一致,
TH-n4382928682,attrs.lift,8合目まで有料の岩木山スカイライン、8合目から鳥海山噴火口までリフト。リフト終点から頂上まで徒歩約30分（青森県）,30分 リフト終点 岩木山スカイライン 鳥海山噴火口,一致,
TH-n4382928682,attrs.toll,津軽岩木スカイラインは有料道路,有料道路 津軽岩木スカイライン,語句が見つからない,有料道路 津軽岩木スカイライン
TH-n4382928682,name,岩木山八合目（津軽岩木スカイライン）,岩木山八合目,語句が見つからない,岩木山八合目
TH-n4382928682,notes,八合目までは岩木山スカイラインで自動車利用が可能（青森県）,岩木山スカイライン 自動車利用,語句の一部が見つからない,自動車利用
TH-n4435165390,attrs.bus,屋久杉自然館前駐車場〜荒川登山口（約40分）の登山バス,40分 屋久杉自然館前駐車場 登山バス 荒川登山口,一致,
TH-n4435165390,attrs.fee,世界自然遺産屋久島山岳部環境保全協力金の対象区域,世界自然遺産屋久島山岳部環境保全協力金 対象区域,語句の一部が見つからない,対象区域
TH-n4435165390,attrs.restriction,3月〜11月は町道荒川線が終日車両乗入れ規制。荒川登山バスで入る,11月 3月 町道荒川線 終日車両乗入 荒川登山バス,語句の一部が見つからない,終日車両乗入
TH-n4435165390,name,荒川登山口,荒川登山口,一致,
TH-n4435165390,notes,マイカー・レンタカー・二輪車・自転車は屋久杉自然館前駐車場で登山バスに乗り換える（環境省）,マイカー レンタカー 屋久杉自然館前駐車場 登山バス,一致,
TH-n4435165390,notes,山岳部への過剰な車両乗入れによる環境負荷の軽減と混雑緩和のため、荒川線への乗入れが規制されている（屋久島町・環境省）,混雑緩和 環境負荷 車両乗入,一致,
TH-n448044859,name,野反湖側 白砂山登山口,白砂山登山口 野反湖側,語句が見つからない,白砂山登山口 野反湖側
TH-n448044859,notes,この地点が白砂山登山口かどうかは未確認,,照合の根拠（本データ側の記録）,
TH-n448044859,notes,野反湖は1956年に水力発電を目的としたロックフィルダムで造られた人造湖（林野庁 野反自然休養林）,1956年 ロックフィルダム 水力発電,一致,
TH-n448044859,notes,野反湖へは関越道渋川伊香保ICから車で約135分（国土交通省）,135分 関越道渋川伊香保,語句が見つからない,関越道渋川伊香保
TH-n4487193098,attrs.parking,駐車場あり（庄原市）,,照合語なし,
TH-n4487193098,name,月見ヶ丘駐車場（道後山登山口）,月見ヶ丘駐車場,語句が見つからない,月見ヶ丘駐車場
TH-n4487193098,notes,公式情報の登山口と、地理院地図で徒歩道が道路から始まる位置（75m差）が一致,,照合の根拠（本データ側の記録）,
TH-n4491022844,name,びわ湖バレイ（蓬莱山・打見山）,,出典なし（地名照合のみ）,
TH-n4491022844,notes,びわ湖バレイは蓬莱山・打見山方面の入口,,照合の根拠（本データ側の記録）,
TH-n4491022844,notes,国土地理院の地名との差が221mあり、登山口そのものの位置は目視未確認,,照合の根拠（本データ側の記録）,
TH-n4730366636,attrs.fee,"林道使用料（2026年4月1日改定、1車両1回）：乗用車などの小型車2,700円・大型車6,600円・自動二輪車等600円","1日 2,700円 2026年 4月 6,600円 600円 林道使用料 自動二輪車等",一致,
TH-n4730366636,attrs.opening_hours,通行可能時間 6:00〜20:00（富山県公安委員会の交通規制）,,目視で確認,富山県のページに「有峰林道は20時00分〜6時00分までの夜間…車両の通行の禁止規制」とある
TH-n4730366636,attrs.season,供用期間は毎年度決定。過去は6月上旬〜11月12日（2025年度は6月4日〜11月12日）で、それ以外は通行できない,11月 12日 2025年 4日 6月 供用期間 毎年度決定,一致,
TH-n4730366636,name,折立（薬師岳・北ノ俣岳登山口）,,照合語なし,
TH-n4730366636,notes,折立へは有料の有峰林道を通る。通行時間が6:00〜20:00に規制されている（富山県）,,目視で確認,富山県のページに「有峰林道は20時00分〜6時00分までの夜間…車両の通行の禁止規制」とある
TH-n4769554741,notes,この地点がどの登山口かは未確認,,照合の根拠（本データ側の記録）,
TH-n4769554741,notes,升沢コース以外は登山口まで未舗装の林道を走行する。公共交通機関では登山口へ行けない（林野庁）,公共交通機関 升沢コース以外,一致,
TH-n4769554741,notes,"船形山（1,500m）宮城県側の主な登山コースは、大和町 旗坂キャンプ場からの升沢コース（頂上まで約4時間）、色麻町 大滝キャンプ場からの小栗山コース（約1時間半）、加美町からの夕日沢コース（林野庁）","1,500m 1時間 4時間 升沢コース 夕日沢コース 大滝キャンプ場 宮城県側 小栗山コース 旗坂キャンプ場 登山コース",語句の一部が見つからない,登山コース
TH-n5093863435,attrs.bus,規制期間中はアルパこまくさから登山バス,登山バス 規制期間中,語句が見つからない,登山バス 規制期間中
TH-n5093863435,attrs.restriction,駒ヶ岳登山口（かもしか駐車場分岐点）から八合目はマイカー規制,マイカー規制 駐車場分岐点 駒ヶ岳登山口,一致,
TH-n5093863435,name,秋田駒ヶ岳 八合目登山口,八合目登山口 秋田駒ヶ岳,語句の一部が見つからない,八合目登山口
TH-n5093863435,notes,JR田沢湖駅から登山口までバスで約1時間（秋田県）,1時間 田沢湖駅,一致,
TH-n5093863435,notes,混雑解消と自然環境保護のため、八合目までの区間でマイカー規制が行われる（秋田県・仙北市）,マイカー規制 混雑解消 自然環境保護,一致,
TH-n5093863435,notes,規制期間は年により変わるため、仙北市の案内を確認すること,,注意喚起（出典の要約ではない）,
TH-n5094654422,attrs.restriction,須川コースは火山ガス対策で一部区間が通行止めだったが、2026年7月18日から利用再開（秋田県）,18日 2026年 7月 一部区間 利用再開 火山ガス対策 須川コース,一致,
TH-n5094654422,name,須川高原温泉（須川コース登山口）,須川高原温泉,語句が見つからない,須川高原温泉
TH-n5094654422,notes,栗駒山の噴火警戒レベルは1（気象庁）,噴火警戒レベル,一致,
TH-n5094654422,notes,須川コースは火山ガス（硫化水素）の濃度が高く2019年4月から通行止めだったが、観測装置と注意喚起看板を設置し、2026年7月18日から通行再開（秋田県）,18日 2019年 2026年 4月 7月 注意喚起看板 火山ガス 硫化水素 観測装置 通行再開 須川コース,一致,
TH-n5312120311,attrs.restriction,津奈木〜鳩待峠（約3.5km）はシーズン中マイカー規制,3.5km シーズン中マイカー規制,語句が見つからない,シーズン中マイカー規制
TH-n5312120311,name,鳩待峠（至仏山・尾瀬ヶ原登山口）,,照合語なし,
TH-n5506533421,name,尾平（祖母山・傾山登山口）,,照合語なし,
TH-n5506533421,notes,尾平は祖母山・傾山の登山口（祖母・傾・大崩ユネスコエコパーク）,,照合語なし,
TH-n5799563005,attrs.restriction,林道八尾大谷線は大規模崩落のため「21世紀の森杉ヶ平キャンプ場」から先は車両進入禁止,21 大規模崩落 林道八尾大谷線 森杉ヶ平キャンプ場 車両進入禁止,語句の一部が見つからない,大規模崩落
TH-n5799563005,notes,この地点がどの登山口かは未確認,,照合の根拠（本データ側の記録）,
TH-n5799563005,notes,徒歩での登山は可能で、キャンプ場から山頂まで約3時間40分（富山県）,3時間 40分 キャンプ場,一致,
TH-n5799563005,notes,林道八尾大谷線の大規模崩落により、杉ヶ平キャンプ場より先は車両で進入できない。復旧には複数年を要する見込み（富山市）,大規模崩落 杉ヶ平キャンプ場 林道八尾大谷線,語句の一部が見つからない,大規模崩落
TH-n585195466,attrs.restriction,噴火警戒レベル2（火口周辺規制）。中岳第一火口から概ね1km以内は立入禁止（2026年9月1日16時発表）,1km 中岳第一火口 噴火警戒レベル 火口周辺規制 立入禁止,一致,
TH-n585195466,name,阿蘇山上広場,阿蘇山上広場,語句が見つからない,阿蘇山上広場
TH-n585195466,notes,対象市町村は熊本県阿蘇市・南阿蘇村（気象庁）,南阿蘇村 対象市町村 熊本県阿蘇市,語句の一部が見つからない,熊本県阿蘇市
TH-n585195466,notes,火口から概ね1kmの範囲では大きな噴石と火砕流に警戒が必要（気象庁）,1km,一致,
TH-n585195466,notes,火口規制の状況は日々変わるため、入山前に最新の火口規制情報を確認すること,,注意喚起（出典の要約ではない）,
TH-n585195466,notes,阿蘇山は2026年8月14日に噴火警戒レベル3（入山規制）へ引き上げられ（環境省）、9月1日16時にレベル2へ引き下げられた（気象庁）,14日 16時 1日 2026年 8月 9月 入山規制 噴火警戒レベル,一致,
TH-n5870221557,name,那岐山登山口 第二駐車場,第二駐車場 那岐山登山口,語句が見つからない,第二駐車場 那岐山登山口
TH-n5870240901,attrs.parking,登山口に最も近い第3駐車場。繁忙時は満車になりやすい,,照合語なし,
TH-n5870240901,name,那岐山登山口 第三駐車場,第三駐車場 那岐山登山口,語句が見つからない,第三駐車場 那岐山登山口
TH-n5870240901,notes,奈義町側の登山ルートはA・B・Cコースの3本。B・Cコースの登山口は那岐山麓山の駅から車で約5分（奈義町・岡山県）,5分 奈義町側 登山ルート 那岐山麓山,一致,
TH-n5893943539-2,attrs.bus,JR大歩危駅→四国交通バス久保行→市営バス剣山行→名頃バス停,名頃バス停 四国交通バス久保行 大歩危駅 市営バス剣山行,一致,
TH-n5893943539-2,attrs.parking,三嶺登山口駐車場 約20台（三好市）,20台 三嶺登山口駐車場,一致,
TH-n5893943539-2,name,名頃登山口（三嶺）,名頃登山口,語句が見つからない,名頃登山口
TH-n5893943539-2,notes,徳島自動車道井川池田ICから車で約1時間35分（三好市）,1時間 35分 徳島自動車道井川池田,一致,
TH-n5893943539-2,notes,林野庁四国森林管理局が三嶺へのルートマップを公開している（林野庁）,,目視で確認,林野庁のページ（三嶺へのルートマップ詳細）は自動取得で403になるが、検索結果でタイトルを確認
TH-n5915584086,attrs.restriction,噴火警戒レベル3（入山規制）,噴火警戒レベル,一致,
TH-n5915584086,name,吹上温泉（吹上露天の湯）,吹上温泉,語句が見つからない,吹上温泉
TH-n5915584086,notes,2026年9月12日9時30分に噴火警戒レベル3（入山規制）へ引き上げられた（気象庁）。火口から概ね3kmの範囲は立入禁止で、十勝岳への登山はできない,12日 2026年 30分 3km 9時 9月 入山規制 噴火警戒レベル 立入禁止,語句の一部が見つからない,立入禁止
TH-n5915584086,notes,入山前に気象庁の噴火警戒レベルと自治体の指示を確認すること,,注意喚起（出典の要約ではない）,
TH-n5915584086,notes,対象市町村は富良野市・美瑛町・上富良野町・南富良野町・新得町（気象庁）,上富良野町 南富良野町 富良野市 対象市町村,一致,
TH-n6420623950,attrs.course,焼走りコース 片道8.5km・5時間10分（環境省）,10分 5時間 8.5km,一致,
TH-n6420623950,name,焼走り登山口（焼走りコース）,,照合語なし,
TH-n6420623950,notes,岩手山の噴火警戒レベルは2026年8月27日にレベル2からレベル1へ引き下げられた（仙台管区気象台）,2026年 27日 8月 噴火警戒レベル,一致,
TH-n6420623950,notes,火山活動が比較的活発な西側は、安全確認等のため引き続き立入規制。対象は犬倉山分岐（雫石町）・県民の森登山口（八幡平市）・松川キャンプ場登山口（八幡平市）（東北森林管理局）,八幡平市 安全確認等 松川キャンプ場登山口 森登山口 比較的活発 火山活動 犬倉山分岐 立入規制,一致,
TH-n6420623950,notes,焼走り熔岩流に登山口があるコース（環境省）,,照合語なし,
TH-n7142403307,name,浜平（諏訪山登山口）,,出典なし（地名照合のみ）,
TH-n7142403307,notes,国土地理院の地名「浜平」とOSMの登山道の接続点の位置が一致（独立した2情報源）,,照合の根拠（本データ側の記録）,
TH-n7142403307,notes,浜平は諏訪山の登山口,,照合の根拠（本データ側の記録）,
TH-n7254825526,attrs.congestion,八合目駐車場は週末・祝日に混雑（鶴岡市が混雑予想カレンダーを公表）,八合目駐車場,一致,
TH-n7254825526,name,月山八合目,月山八合目,一致,
TH-n7254825526,notes,鶴岡市が年度ごとに八合目の混雑予想カレンダーを公表している,混雑予想カレンダー,一致,
TH-n727644728,attrs.season,八幡平アスピーテライン・樹海ラインは11月上旬〜4月中旬が冬期閉鎖,11月 4月 八幡平アスピーテライン 冬期閉鎖 樹海ライン,一致,
TH-n727644728,name,八幡平 県境登山口（見返峠・山頂レストハウス付近）,県境登山口,語句が見つからない,県境登山口
TH-n727644728,notes,アスピーテラインは4月中旬に開通し、雪の回廊が見られる（秋田県）,4月 アスピーテライン,一致,
TH-n727644728,notes,八幡平山頂レストハウス（見返峠駐車場）がある（環境省）,八幡平山頂レストハウス 見返峠駐車場,一致,
TH-n727644728,notes,冬期は道路が閉鎖されるため、開通時期を確認すること,,注意喚起（出典の要約ではない）,
TH-n766785733,name,土合橋（白毛門・朝日岳方面の登山口）,,出典なし（地名照合のみ）,
TH-n766785733,notes,公式データのバス停名と、地理院地図で徒歩道が道路から始まる位置（3m差）が一致,,照合の根拠（本データ側の記録）,
TH-n766785733,notes,名称は国土数値情報（国土交通省）のバス停「土合橋」による。白毛門・朝日岳方面の登山道の起点,,照合の根拠（本データ側の記録）,
TH-n7722369585,attrs.restriction,河原の坊コースは当分の間通行止め,坊コース 間通行止,語句の一部が見つからない,坊コース
TH-n7722369585,name,河原の坊（コースは通行止め）,,照合語なし,
TH-n7722369585,notes,早池峰山の登山口は小田越・河原の坊（当分の間通行止め）・岳・門馬（林野庁）,早池峰山 間通行止,一致,
TH-n7722369585,notes,河原の坊コースの再開時期は未定。入山前に花巻市・森林管理署の情報を確認すること,,注意喚起（出典の要約ではない）,
TH-n7730232085,name,狩場山 千走新道コース登山口,千走新道コース登山口,一致,
TH-n7730232085,notes,どのコースの登山口かは未確認,,照合の根拠（本データ側の記録）,
TH-n8148255443,attrs.restriction,新燃岳の噴火警戒レベル2（火口周辺規制）。火口から概ね2kmが警戒範囲,2km 噴火警戒レベル 火口周辺規制 警戒範囲,一致,
TH-n8148255443,name,韓国岳登山口,韓国岳登山口,一致,
TH-n8148255443,notes,2025年10月17日にレベル3からレベル2へ引き下げられ、道路や登山道の立入規制が一部解除された（霧島市）,10月 17日 2025年 一部解除 立入規制,一致,
TH-n8148255443,notes,えびの市が霧島山（新燃岳・硫黄山）周辺の登山道と県道の規制状況を公開している（えびの市）,規制状況,一致,
TH-n8148255443,notes,えびの高原〜硫黄山付近の県道は火山ガスの影響で通行時間が限られることがある（えびの市）,火山ガス 硫黄山付近 通行時間,語句の一部が見つからない,通行時間
TH-n8148255443,notes,入山前に霧島市・えびの市の登山道規制情報と気象庁の噴火警戒レベルを確認すること,,注意喚起（出典の要約ではない）,
TH-n823178474,attrs.parking,南アルプス市芦安の駐車場650台に駐車して路線バス・タクシーを利用,650台 タクシー 南アルプス市芦安 路線バス,一致,
TH-n823178474,attrs.restriction,県営林道南アルプス線 夜叉神〜広河原はマイカー通行止め（バス・タクシーのみ）,マイカー通行止 県営林道南アルプス線,語句が見つからない,マイカー通行止 県営林道南アルプス線
TH-n823178474,attrs.season,バス運行はおおむね6月下旬〜11月上旬,11月 6月 バス運行,語句が見つからない,バス運行
TH-n823178474,name,広河原（北岳・南アルプス登山口）,,照合語なし,
TH-n823178474,notes,広河原へは夜叉神峠登山口・奈良田・戸台口からのバスやジャンボタクシーで入る（環境省）,ジャンボタクシー 夜叉神峠登山口,一致,
TH-n823178474,notes,広河原インフォメーションセンターで登山道情報・天気を確認できる（環境省）,広河原インフォメーションセンター 登山道情報,語句の一部が見つからない,登山道情報
TH-n8266981427,name,十勝岳温泉（富良野岳・上ホロカメットク山登山口）,十勝岳温泉,語句が見つからない,十勝岳温泉
TH-n8266981427,notes,十勝岳は2026年9月12日に噴火警戒レベル3（入山規制）へ引き上げられ、火口から概ね3kmの範囲は大きな噴石に警戒が必要（気象庁・美瑛町）。入山前に規制範囲を確認すること,,注意喚起（出典の要約ではない）,
TH-n8266981427,notes,十勝岳温泉は富良野岳・上ホロカメットク山の登山口,,照合の根拠（本データ側の記録）,
TH-n8266981427,notes,国土地理院の地名とOSMの地物の位置が一致（独立した2情報源）,,照合の根拠（本データ側の記録）,
TH-n829818694,attrs.restriction,噴火警戒レベル1（活火山であることに留意）,噴火警戒レベル,一致,
TH-n829818694,name,樽前山 七合目登山口,七合目登山口,語句が見つからない,七合目登山口
TH-n829818694,notes,七合目駐車場に通じる市道は工事等で通行止めになることがあるため、苫小牧市の最新情報を確認すること,,注意喚起（出典の要約ではない）,
TH-n829818694,notes,山頂火口原内の溶岩ドーム及びその近傍では火山ガスや火山灰噴出に注意（気象庁）,山頂火口原内 溶岩ドーム及 火山ガス 火山灰噴出,一致,
TH-n829831854,name,倶知安（比羅夫）コース登山口,コース登山口,語句が見つからない,コース登山口
TH-n8448159070,name,竜源橋（蓼科山登山口）,,照合語なし,
TH-n8448159070,notes,長野県の山のグレーディング（2026年）に「竜源橋登山口」（茅野市、蓼科山）が載っている（長野県）,2026年 グレーディング 竜源橋登山口,一致,
TH-n8448159070,notes,長野県登山安全条例により、指定登山道では登山計画書の提出が必要（長野県）,指定登山道 登山計画書 長野県登山安全条例,一致,
TH-n8539065955,attrs.bus,小鹿野町営バス 日向大谷・三峰口線,三峰口線 小鹿野町営バス 日向大谷,一致,
TH-n8539065955,name,日向大谷口（両神山登山口）,日向大谷口,一致,
TH-n8539065955,notes,"両神山（1,723m）は秩父多摩甲斐国立公園内の山。埼玉県が登山道の鎖や階段を整備しているが、急傾斜や冬期の凍結による危険箇所がある（小鹿野町・埼玉県）","1,723m 危険箇所 秩父多摩甲斐国立公園内",一致,
TH-n8539065955,notes,日向大谷口へは小鹿野町営バスが運行。県道の通行止めでバスが迂回・運休することがある,小鹿野町営バス 日向大谷口,一致,
TH-n8592031422,attrs.restriction,紅葉期は銀泉台線でマイカー規制（実施内容は年により変更）,マイカー規制 銀泉台線,一致,
TH-n8592031422,name,銀泉台（赤岳登山口）,,照合語なし,
TH-n8592031422,notes,規制期間・方法は毎年変わるため、上川町の最新の案内を確認すること,,注意喚起（出典の要約ではない）,
TH-n8592031422,notes,銀泉台地区の自動車利用適正化（マイカー規制）は平成14年から実施（環境省）,14年 マイカー規制 自動車利用適正化 銀泉台地区,一致,
TH-n863424499,name,いわかがみ平（中央コース登山口）,,照合語なし,
TH-n863424499,notes,この地点が中央コース登山口（いわかがみ平）かどうかは名称のみで、位置は未確認,,照合の根拠（本データ側の記録）,
TH-n863424499,notes,栗駒山は活火山。噴火警戒レベルの対象市町村は岩手県一関市・宮城県栗原市・秋田県の横手市・湯沢市・羽後町・東成瀬村（気象庁）,噴火警戒レベル 宮城県栗原市 対象市町村 岩手県一関市 東成瀬村,語句の一部が見つからない,宮城県栗原市 岩手県一関市
TH-n8666004158,name,神原登山口（祖母山）,神原登山口,一致,
TH-n8666004158,notes,5合目小屋・9合目小屋のトイレの状況はエコパーク協議会が公開している,エコパーク協議会 合目小屋,語句の一部が見つからない,エコパーク協議会
TH-n8666004158,notes,神原登山口は豊後竹田駅から車で約35分（祖母・傾・大崩ユネスコエコパーク）,35分 神原登山口 豊後竹田駅,語句の一部が見つからない,豊後竹田駅
TH-n8684295141,attrs.parking,乙女渓谷キャンプ場の駐車場を利用（林野庁）,乙女渓谷キャンプ場,一致,
TH-n8684295141,attrs.registration,登山ポストは乙女渓谷キャンプ場の中央管理棟にある（中津川市）,中央管理棟 乙女渓谷キャンプ場 登山ポスト,一致,
TH-n8684295141,attrs.season,冬季は除雪されないため登山道は通行不可。例年5月までは残雪期。山頂小屋「秀峰舎」のトイレは冬季は使用不可で、毎年6月中旬から使用できる（中津川市）,5月 6月 使用不可 山頂小屋 通行不可,一致,
TH-n8684295141,name,乙女渓谷キャンプ場（小秀山 登山口）,乙女渓谷キャンプ場,一致,
TH-n8684295141,notes,JR下呂駅から国道257号線を経由して約21km・約45分、中津川ICから約60km・約1時間15分（林野庁）,15分 1時間 21km 257 45分 60km,一致,
TH-n8684295141,notes,小秀山の登山道で熊の目撃情報がある。鈴など音が出るものを身につけること（中津川市）,目撃情報,一致,
TH-n8684295141,notes,樹林帯は残雪期に夏の道がわからず、道迷いに注意（中津川市）,,照合語なし,
TH-n8735634667,attrs.season,県道二分栃尾線の刈谷田川ダムから先は、例年11月下旬〜翌年5月中旬（守門山開きの直前まで）冬期通行止め（栃尾観光協会）,11月 5月 冬期通行止 刈谷田川ダム 守門山開 県道二分栃尾線,一致,
TH-n8735634667,name,保久礼小屋（守門岳 保久礼コース登山口）,保久礼小屋,語句が見つからない,保久礼小屋
TH-n8735634667,notes,OSMの地物名と、地理院地図で徒歩道が道路から始まる位置（11m差）が一致,,照合の根拠（本データ側の記録）,
TH-n8735634667,notes,保久礼コースは守門岳で最も一般的なルート（栃尾観光協会）,保久礼コース,語句が見つからない,保久礼コース
TH-n945762371,attrs.season,UFOライン（町道瓶ヶ森線）は11月末〜4月上旬が冬季閉鎖（石鎚山系連携事業協議会）,11月 4月 冬季閉鎖 町道瓶ヶ森線,一致,
TH-n945762371,notes,"UFOライン（町道瓶ヶ森線）は標高1,100〜1,700mの稜線を走る全長約27kmの町道で、通行できるのは概ね4月中旬〜11月末（いの町・石鎚山系連携事業協議会）","1,100 1,700m 11月 27km 4月 町道瓶ヶ森線",一致,
TH-n945762371,notes,いの町が山岳観光道路情報を公開している。入山前に確認すること（いの町）,山岳観光道路情報,一致,
TH-n945762371,notes,この地点がどの登山口かは未確認,,照合の根拠（本データ側の記録）,
TH-n987482920,attrs.parking,登山口の駐車台数は5〜6台と少ない,6台 駐車台数,一致,
TH-n987482920,name,淀川登山口,淀川登山口,一致,
TH-n987482920,notes,世界自然遺産屋久島山岳部環境保全協力金の対象区域,世界自然遺産屋久島山岳部環境保全協力金 対象区域,語句の一部が見つからない,対象区域
TH-n987482920,notes,淀川登山口から宮之浦岳までは片道約8km、往復9〜10時間（屋久島町）,10時間 8km 宮之浦岳 淀川登山口,一致,
TH-n9916369521,name,赤岳登山口（銀泉台）,赤岳登山口,語句が見つからない,赤岳登山口
TH-n9916369521,notes,銀泉台地区では平成14年から自動車利用適正化（マイカー規制）が行われている（環境省）,14年 マイカー規制 自動車利用適正化 銀泉台地区,一致,
TH-n9988497019,attrs.forestRoad,涸沢林道 通行可,涸沢林道,一致,
TH-n9988497019,name,美瑛富士登山口（涸沢林道の先）,美瑛富士登山口,語句が見つからない,美瑛富士登山口
TH-n9988497019,notes,オプタテシケ山・美瑛富士・美瑛岳へは涸沢林道を利用（北海道森林管理局。通行可）,オプタテシケ山 涸沢林道 美瑛富士,一致,
TH-n9988497019,notes,十勝岳が2026年9月12日に噴火警戒レベル3（入山規制）となったため、周辺の登山道の規制状況を自治体で確認すること,,注意喚起（出典の要約ではない）,
TH-osm-ichinosawa,attrs.restriction,一の沢林道は崩落により一般車両通行止め（歩行者は通行可）,一般車両通行止,一致,
TH-osm-ichinosawa,name,一ノ沢登山口（常念岳）,一ノ沢登山口,語句が見つからない,一ノ沢登山口
TH-osm-ichinosawa,notes,常念岳の一ノ沢登山口へ通じる林道が崩落し、一般車両は通行止め（長野県）,一ノ沢登山口 一般車両,語句の一部が見つからない,一ノ沢登山口
TH-osm-ichinosawa,notes,座標は概略。正確な登山口の位置は未確認,,照合の根拠（本データ側の記録）,
TH-osm-ichinosawa,notes,長野県の山のグレーディング（2026年）に「一の沢登山口」（安曇野市、常念岳・大天井岳）が載っている（長野県）,2026年 グレーディング 大天井岳 安曇野市 沢登山口,一致,
TH-osm-n13235073711,attrs.bus,ほおのき平駐車場（無料）・あかんだな駐車場からシャトルバス,シャトルバス 平駐車場,一致,
TH-osm-n13235073711,attrs.restriction,乗鞍エコーライン（三本滝〜県境ゲート）は2026年4月27日〜10月31日がマイカー規制,10月 2026年 27日 31日 4月 マイカー規制 乗鞍エコーライン 県境ゲート,一致,
TH-osm-n13235073711,name,乗鞍山頂（畳平）,乗鞍山頂,一致,
TH-osm-n13235073711,notes,乗鞍岳の自然保護のため長野県側・岐阜県側ともマイカー規制が行われている（長野県・岐阜県）,マイカー規制 岐阜県側 自然保護 長野県側,一致,
TH-osm-n13235073711,notes,畳平（鶴ヶ池駐車場）は中部山岳国立公園内（岐阜県）,中部山岳国立公園内 鶴ヶ池駐車場,語句の一部が見つからない,中部山岳国立公園内
TH-osm-n6847372150,attrs.cable,阿仁スキー場ゴンドラを使って山頂まで約1時間30分（北秋田市）,1時間 30分 阿仁スキー場ゴンドラ,一致,
TH-osm-n6847372150,attrs.season,「森吉山ゴンドラ山歩」の期間は春夏が6月上旬〜9月中旬、秋が10月（北秋田市）,10月 6月 9月 森吉山ゴンドラ山歩,一致,
TH-osm-n6847372150,name,ゴンドラ山頂駅舎（森吉山阿仁スキー場）,ゴンドラ山頂駅舎,一致,
TH-osm-n6847372150,notes,コメツガコース（山頂まで約3時間）、松倉コース（約3時間）、奥森吉ヒバクラコース（約2時間50分）、黒石川コース（約5時間30分）、ブナ帯コース（約2時間30分）など（北秋田市）,2時間 30分 3時間 50分 5時間 コメツガコース ブナ帯コース 奥森吉ヒバクラコース 松倉コース 黒石川コース,一致,
TH-osm-n6847372150,notes,悪天候時や悪天候が見込まれる場合は、滑落・落石・倒木・落枝・雪崩等の危険が増すため入林しないよう案内されている（北秋田市）,悪天候時,一致,
TH-osm-n7619799585,attrs.bus,"とよぬか山荘駐車場〜普通林道幌尻線第2ゲート 21.6km・片道約1時間。運行7月1日〜9月30日。往復10,000円（中学生以下5,000円）","10,000円 1日 1時間 21.6km 30日 7月 9月 山荘駐車場 普通林道幌尻線第",一致,
TH-osm-n7619799585,attrs.reservation,シャトルバスは事前の受付・予約が必要（幌尻山荘の予約時に併せて申し込む）。幌尻山荘も予約制,シャトルバス 幌尻山荘,一致,
TH-osm-n7619799585,attrs.restriction,普通林道糠平・幌尻線は一般車両（二輪車・自転車を含む）の乗り入れを規制し、平取町がシャトルバスを運行（2011年7月1日から）,シャトルバス 一般車両 普通林道糠平,一致,
TH-osm-n7619799585,name,とよぬか山荘（額平川コースのシャトルバス発着・受付）,,照合語なし,
TH-osm-n7619799585,notes,林道の状況は年により変わるため、平取町・森林管理署の最新情報を確認すること,,注意喚起（出典の要約ではない）,
TH-osm-n7619799585,notes,額平川コースの林道は一般車両の乗り入れが規制され、とよぬか山荘から平取町のシャトルバスを利用する（平取町）,シャトルバス 一般車両 額平川コース,一致,
TH-osm-n7619799585,notes,額平川ルートは幌尻山荘まで十数回の渡渉を繰り返す。雨が続くと増水して2〜3日渡れないことがあり、最近の事故の大部分は渡渉中（平取町）,3日 幌尻山荘 額平川ルート,一致,
TH-osm-n7619799685,name,幌尻岳 第二ゲート（シャトルバス終点・登山道入口）,第二ゲート,語句が見つからない,第二ゲート
TH-osm-n7619799685,notes,平取町のシャトルバスの終点。下車後は徒歩で、北電取水施設の約7.5km手前が登山道入口（平取町）,7.5km シャトルバス 北電取水施設 登山道入口,一致,
TH-osm-w184869656,attrs.restriction,県道槍ヶ岳矢村線（中房線）は2026年8月8日の土石流で橋梁が流出。8月22日5時から宮城ゲート〜中房温泉（中房ゲート）12.2kmで歩行者と一般車両（車幅1.88m以下・重量3t以下）の暫定通行が可能。通行可能時間は平日8〜17時、土日祝5〜18時で、降雨時等は通行不可（長野県）,1.88m 12.2km 17時 18時 2026年 22日 3t 5時 8日 8月 一般車両 中房ゲート 中房温泉 宮城ゲート 暫定通行 県道槍ヶ岳矢村線 通行不可 通行可能時間 降雨時等,語句の一部が見つからない,暫定通行 通行可能時間
TH-osm-w184869656,name,中房温泉（燕岳 合戦尾根登山口）,中房温泉,一致,
TH-osm-w184869656,notes,大雨時は黒川沢の土石流のおそれがあり通行規制されることがある（長野県）,通行規制,一致,
TH-osm-w184869656,notes,長野県の山のグレーディング（2026年）に「中房登山口」（安曇野市、燕岳・大天井岳）が載っている（長野県）,2026年 グレーディング 中房登山口 大天井岳 安曇野市,一致,
TH-osm-w184869656,notes,長野県登山安全条例により、指定登山道では登山計画書の提出が必要（長野県）,指定登山道 登山計画書 長野県登山安全条例,一致,
TH-osm-w575545460,attrs.restriction,噴火警戒レベル3（入山規制）,噴火警戒レベル,一致,
TH-osm-w575545460,name,十勝岳望岳台,十勝岳望岳台,語句が見つからない,十勝岳望岳台
TH-osm-w575545460,notes,2026年9月12日9時30分に噴火警戒レベル3（入山規制）へ引き上げられた（気象庁）。火口から概ね3kmの範囲は立入禁止で、十勝岳への登山はできない,12日 2026年 30分 3km 9時 9月 入山規制 噴火警戒レベル 立入禁止,一致,
TH-osm-w575545460,notes,入山前に気象庁の噴火警戒レベルと自治体の指示を確認すること,,注意喚起（出典の要約ではない）,
TH-osm-w575545460,notes,対象市町村は富良野市・美瑛町・上富良野町・南富良野町・新得町（気象庁）,上富良野町 南富良野町 富良野市 対象市町村,一致,
TH-w117369478,attrs.parking,美ヶ原高原大駐車場 普通車800台・バス15台,15台 800台 美ヶ原高原大駐車場,語句が見つからない,美ヶ原高原大駐車場
TH-w117369478,attrs.season,松本市街から美ヶ原高原へ向かう道路は例年11月下旬〜4月中旬が冬期通行止め（松本市）,11月 4月 冬期通行止 松本市街 美ヶ原高原,一致,
TH-w117369478,name,道の駅美ヶ原高原美術館（美ヶ原 東側入口）,駅美ヶ原高原美術館,語句が見つからない,駅美ヶ原高原美術館
TH-w117369478,notes,道の駅美ヶ原高原（美ヶ原高原美術館）は美ヶ原の東側の入口にあたる（美ヶ原高原）,美ヶ原高原美術館 駅美ヶ原高原,一致,
TH-w128992066,attrs.cable,まやビューライン（ケーブル＋ロープウェー）で山麓から山上へ,ケーブル ビューライン ロープウェー,一致,
TH-w128992066,name,摩耶ケーブル駅（まやビューライン）,摩耶ケーブル駅,語句が見つからない,摩耶ケーブル駅
TH-w128992066,notes,まやビューラインは摩耶山の山麓〜山上をケーブルカーとロープウェーで結ぶ（神戸市）,ケーブルカー ビューライン ロープウェー,一致,
TH-w128992066,notes,神戸市は六甲山系登山道の通行止め・通行注意の情報を公開している（神戸市）,六甲山系登山道 通行注意,一致,
TH-w1311703720,attrs.parking,鷹ノ巣駐車場 普通車20台（大型車なし）（新潟県観光協会）,20台 鷹ノ巣駐車場,一致,
TH-w1311703720,attrs.season,国道352号の銀山平〜鷹ノ巣は10月下旬〜6月上旬が冬季通行止め。登山時期は7月〜11月（新潟県観光協会）,10月 11月 352 6月 7月 冬季通行止 登山時期,一致,
TH-w1311703720,name,平ヶ岳登山口（鷹ノ巣）,平ヶ岳登山口,語句が見つからない,平ヶ岳登山口
TH-w1311703720,notes,日帰りが前提となる長いコースで、行動時間に注意が必要,,注意喚起（出典の要約ではない）,
TH-w1311703720,notes,"鷹ノ巣登山口から平ヶ岳（2,140m）の山頂まで約6時間30分。山小屋はない（新潟県観光協会）","2,140m 30分 6時間 鷹ノ巣登山口",一致,
TH-w1441615117,name,上蒜山登山口駐車場,上蒜山登山口駐車場,語句が見つからない,上蒜山登山口駐車場
TH-w1441615117,notes,"蒜山三座は上蒜山（1,202m）・中蒜山（1,123m）・下蒜山（1,100m）（真庭観光局）","1,100m 1,123m 1,202m 蒜山三座",一致,
TH-w1486752465,name,大山ケーブル（大山阿夫利神社）,大山ケーブル,一致,
TH-w1486752465,notes,大山阿夫利神社下社まではケーブルカーを利用できる。下社から山頂へは本格的な登山（文化庁 日本遺産）,ケーブルカー 大山阿夫利神社下社,一致,
TH-w155561783,name,別府ロープウェイ（鶴見岳）,,出典なし（地名照合のみ）,
TH-w155561783,notes,別府ロープウェイは鶴見岳の山上へ通じる,,出典なし（地名照合のみ）,
TH-w155561783,notes,国土地理院の地名との差が439mあり、乗り場の正確な位置は目視未確認,,照合の根拠（本データ側の記録）,
TH-w183841007,name,虹の駅（まやビューライン）,,照合語なし,
TH-w183841007,notes,まやビューラインのケーブルとロープウェーの乗換駅（神戸市）,ケーブル ビューライン ロープウェー,一致,
TH-w232347041,name,米子大瀑布駐車場（四阿山・浦倉山登山口）,米子大瀑布駐車場,一致,
TH-w232347041,notes,長野県の山のグレーディング（2026年）に「米子大瀑布駐車場登山口」（須坂市、浦倉山・四阿山）が載っている（長野県）,2026年 グレーディング 米子大瀑布駐車場登山口,語句の一部が見つからない,グレーディング
TH-w232347041,notes,長野県登山安全条例により、指定登山道では登山計画書の提出が必要（長野県）,指定登山道 登山計画書 長野県登山安全条例,一致,
TH-w233387602,name,八甲田ロープウェー山頂公園駅,八甲田ロープウェー山頂公園駅,語句が見つからない,八甲田ロープウェー山頂公園駅
TH-w244361104,attrs.parking,"扇沢有料駐車場 350台・12時間1,000円、扇沢市営第一駐車場（無料）170台、第二駐車場（無料）60台（大町市観光協会）","1,000円 12時間 170台 350台 60台 扇沢市営第一駐車場 扇沢有料駐車場 第二駐車場",一致,
TH-w244361104,attrs.restriction,連休・旧盆は満車になりやすく、公共交通の利用が案内されている,公共交通,一致,
TH-w244361104,name,扇沢駐車場（針ノ木岳・柏原新道方面）,扇沢駐車場,語句が見つからない,扇沢駐車場
TH-w244361104,notes,扇沢は針ノ木岳・蓮華岳と、柏原新道（爺ヶ岳・鹿島槍ヶ岳方面）の登山口（大町市観光協会）,柏原新道 針ノ木岳 鹿島槍ヶ岳方面,語句の一部が見つからない,針ノ木岳
TH-w244361104,notes,長野県登山安全条例の指定登山道では登山計画書の提出が必要,指定登山道 登山計画書 長野県登山安全条例,一致,
TH-w24925988,name,ケーブル坂本駅（坂本ケーブル・比叡山 本坂方面）,ケーブル坂本駅,一致,
TH-w24925988,notes,公式情報の名称と、地理院地図で徒歩道が道路から始まる位置（42m差）が一致,,照合の根拠（本データ側の記録）,
TH-w24925988,notes,坂本ケーブル（比叡山鉄道）はケーブル坂本駅〜ケーブル延暦寺駅を約11分で結ぶ（比叡山鉄道・滋賀県）,11分 ケーブル坂本駅 ケーブル延暦寺駅 坂本ケーブル 比叡山鉄道,一致,
TH-w264453834,name,キロロゴンドラ（余市岳方面）,キロロゴンドラ,一致,
TH-w264453834,notes,キロロリゾートが余市岳への登山にキロロゴンドラを案内している（キロロリゾート）,キロロゴンドラ キロロリゾート,一致,
TH-w264453834,notes,夏季のゴンドラ運行日・時間は限られる。往復の所要時間と運行時間を事前に確認すること,,注意喚起（出典の要約ではない）,
TH-w305509741,attrs.parking,八島駐車場 約70台,,目視で確認,霧ヶ峰自然保護センターの駐車場地図に「八島 約70」とある
TH-w305509741,name,八島湿原駐車場（八島ヶ原湿原入口）,八島湿原駐車場,一致,
TH-w305509741,notes,八島湿原駐車場はトレッキング・ハイキングの出発点。八島ヶ原湿原は一周約90分で、遊歩道は車山まで続く（諏訪観光協会）,90分 トレッキング ハイキング 八島ヶ原湿原 八島湿原駐車場,一致,
TH-w305509741,notes,湿原の遊歩道は一周約70分（諏訪観光協会）,70分,一致,
TH-w33077826,name,大涌谷駅（箱根ロープウェイ）,,出典なし（地名照合のみ）,
TH-w33077826,notes,入山前に箱根町・神奈川県と気象庁の火山情報を確認すること,,注意喚起（出典の要約ではない）,
TH-w33077826,notes,国土地理院の地名「大涌谷駅」とOSMの索道の地物の位置が一致（独立した2情報源）,,照合の根拠（本データ側の記録）,
TH-w33077826,notes,大涌谷は箱根山・神山方面の起点。火山活動により大涌谷周辺や神山への登山道が規制されることがある,,出典なし（地名照合のみ）,
TH-w34014835,name,筑波山神社（筑波山ケーブルカー宮脇駅）,筑波山神社,一致,
TH-w35601104-2,attrs.restriction,平成新山は警戒区域で立入禁止。紅葉茶屋〜あざみ谷は土砂崩れで通行止め（仁田峠からは妙見岳経由）,平成新山 立入禁止 紅葉茶屋 警戒区域,一致,
TH-w35601104-2,name,仁田峠（雲仙ロープウェイ 仁田峠駅）,,照合語なし,
TH-w35601104-2,notes,平成新山は現在も警戒区域として立入禁止で、一般に登れる長崎県の最高峰は普賢岳（長崎県観光連盟）,平成新山 立入禁止 警戒区域,一致,
TH-w35601104-2,notes,春のミヤマキリシマや秋の紅葉の時期は仁田峠駐車場が混雑する（雲仙観光局）,ミヤマキリシマ 仁田峠駐車場,一致,
TH-w35601104-2,notes,紅葉茶屋〜あざみ谷は土砂崩れにより通行止め。仁田峠から普賢岳へは妙見岳経由の登山道を使う（島原半島観光連盟）,妙見岳経由 紅葉茶屋,一致,
TH-w363485100,attrs.cable,"山麓の白布からロープウェイで天元台高原（標高1,350m）へ上がり、夏山リフト3基（しらかば・しゃくなげ・つがもり）を乗り継いで北望台へ（米沢市・天元台高原）","1,350m ロープウェイ 夏山リフト 天元台高原",一致,
TH-w363485100,attrs.hours,ロープウェイ8:20〜17:00、リフト8:30〜15:40。北望台からの最終は15:40（天元台高原）,00 15 17 20 30 40 ロープウェイ,一致,
TH-w363485100,attrs.registration,登山届は天元台高原駅内・アルブフロントの専用ポストに提出できる（天元台高原）,アルブフロント 天元台高原駅内 専用ポスト,一致,
TH-w363485100,attrs.season,2026年はロープウェイが6月13日〜11月3日、夏山リフトが6月13日〜10月25日に運行（天元台高原）,10月 11月 13日 2026年 25日 3日 6月 ロープウェイ 夏山リフト,一致,
TH-w363485100,name,北望台（天元台高原のつがもりリフト山頂側）,,照合語なし,
TH-w363485100,notes,入山前に気象庁の吾妻山の火山の活動状況と噴火警戒レベルを確認すること,,注意喚起（出典の要約ではない）,
TH-w363485100,notes,"北望台は標高1,820m。白布〜天元台のロープウェイは往復約10分、天元台高原〜北望台のリフトは往復約1時間（米沢市）","1,820m 10分 1時間 ロープウェイ 天元台高原",一致,
TH-w363485100,notes,天元台高原の駐車場は台数に限りがあり、夜間の利用は控えるよう案内されている（天元台高原）,天元台高原,一致,
TH-w505920494,name,百沢登山道入口（岩木山神社側・桜林公園付近）,百沢登山道入口,語句が見つからない,百沢登山道入口
TH-w505920494,notes,登山口の正確な位置は未確認,,照合の根拠（本データ側の記録）,
TH-w519079943,attrs.restriction,犬倉山分岐は立入規制（岩手山西側）,犬倉山分岐 立入規制,一致,
TH-w519079943,name,網張コース（網張温泉スキー場のリフト）,網張コース,一致,
TH-w519079943,notes,岩手山の噴火警戒レベルは2026年8月27日にレベル2からレベル1へ引き下げられた（仙台管区気象台）,2026年 27日 8月 噴火警戒レベル,一致,
TH-w519079943,notes,火山活動が比較的活発な西側は、安全確認等のため引き続き立入規制。対象は犬倉山分岐（雫石町）・県民の森登山口（八幡平市）・松川キャンプ場登山口（八幡平市）（東北森林管理局）,八幡平市 安全確認等 松川キャンプ場登山口 森登山口 比較的活発 火山活動 犬倉山分岐 立入規制,一致,
TH-w519079943,notes,網張コースは片道7.3km・5時間10分（リフト利用時、環境省）,10分 5時間 7.3km 網張コース,一致,
TH-w958991575,name,池口岳登山口（避難小屋）,池口岳登山口,一致,
TH-w958991575,notes,長野県の山のグレーディング（2026年）に「池口岳登山口」（飯田市、池口岳）が載っている（長野県）,2026年 グレーディング 池口岳登山口,一致,
TH-w958991575,notes,長野県登山安全条例により、指定登山道では登山計画書の提出が必要（長野県）,指定登山道 登山計画書 長野県登山安全条例,一致,
