id,kind,name,lat,lon,datum,mountainIds,mountainNames,otherMountainNames,lists,routes,entryType,trailKmToSummit,related,attributes,status,accuracyM,needsReview,sources,verifiedAt
BS-kP11-22-16-bs2352,bus_stop,立山駅前,36.5830202,137.4453446,WGS84,278,鍬崎山,,日本三百名山,,,,TH-kP11-22-16-bs2352(0m) TH-n1332066765(685m) TH-n1332066134(820m) TH-gsi-awasuno(887m),operator=立山黒部貫光（株）; busType=民間路線バス; busRoutes=称名滝線,adopted,10,運行状況（季節運行・休止・予約制）を要確認、登山口から離れている（徒歩アプローチを要確認）,"国土数値情報（バス停留所データ）令和4年度（国土交通省）P11-22-16-bs2352（36.583020, 137.445345、JGD2011）を加工して作成",
BS-kP11-22-16-bs2372,bus_stop,天狗平,36.5806367,137.5791362,WGS84,268 270 274,剱岳、奥大日岳、立山,,日本百名山|日本二百名山|日本三百名山,,,,TH-n711976080(172m) TH-n711976080(172m) TH-n711976080(172m),operator=立山黒部貫光（株）; busType=民間路線バス; busRoutes=弥陀ヶ原線,adopted,10,運行状況（季節運行・休止・予約制）を要確認,"国土数値情報（バス停留所データ）令和4年度（国土交通省）P11-22-16-bs2372（36.580637, 137.579136、JGD2011）を加工して作成 ｜ OpenStreetMap（© OpenStreetMap contributors, ODbL 1.0）Geofabrik japan-latest.osm.pbf 2026-09-30T20:22:42Z node/4348123457",
BS-kP11-22-16-bs2414,bus_stop,室堂,36.577335,137.5954418,WGS84,268 270 274,剱岳、奥大日岳、立山,,日本百名山|日本二百名山|日本三百名山,,,,TH-n1412330520(105m) TH-n1412330520(105m) TH-n1412330520(105m),operator=立山黒部貫光（株）; busType=民間路線バス; busRoutes=弥陀ヶ原線,adopted,10,運行状況（季節運行・休止・予約制）を要確認,"国土数値情報（バス停留所データ）令和4年度（国土交通省）P11-22-16-bs2414（36.577335, 137.595442、JGD2011）を加工して作成 ｜ OpenStreetMap（© OpenStreetMap contributors, ODbL 1.0）Geofabrik japan-latest.osm.pbf 2026-09-30T20:22:42Z node/1424063759",
BS-kP11-22-16-bs2867,bus_stop,竜口谷口,36.4144452,137.0338575,WGS84,301,金剛堂山,,日本二百名山|日本三百名山,,,,TH-n2052137540(894m),operator=南砺市; busType=コミュニティバス; busRoutes=利賀八尾線 / 村内線（百瀬方面）,adopted,10,運行状況（季節運行・休止・予約制）を要確認、登山口から離れている（徒歩アプローチを要確認）,"国土数値情報（バス停留所データ）令和4年度（国土交通省）P11-22-16-bs2867（36.414445, 137.033857、JGD2011）を加工して作成",
BS-kP11-22-18-bs2038,bus_stop,東勝原,35.9682273,136.6021834,WGS84,358,荒島岳,,日本百名山|日本二百名山|日本三百名山,,,,TH-kP11-22-18-bs2038(0m) TH-n1414609605(568m),operator=大野市; busType=コミュニティバス; busRoutes=道の駅線,adopted,10,運行状況（季節運行・休止・予約制）を要確認,"国土数値情報（バス停留所データ）令和4年度（国土交通省）P11-22-18-bs2038（35.968227, 136.602183、JGD2011）を加工して作成",
BS-kP11-22-18-bs2042,bus_stop,勝原駅,35.9677282,136.5955577,WGS84,358,荒島岳,,日本百名山|日本二百名山|日本三百名山,,,,TH-kP11-22-18-bs2038(599m) TH-n1414609605(894m),operator=大野市; busType=コミュニティバス; busRoutes=和泉線 / 道の駅線,adopted,10,運行状況（季節運行・休止・予約制）を要確認、登山口から離れている（徒歩アプローチを要確認）,"国土数値情報（バス停留所データ）令和4年度（国土交通省）P11-22-18-bs2042（35.967728, 136.595558、JGD2011）を加工して作成",
BS-kP11-22-18-bs2068,bus_stop,東勝原発電所前,35.962353,136.6111181,WGS84,358,荒島岳,,日本百名山|日本二百名山|日本三百名山,,,,TH-n1414609605(664m),operator=大野市; busType=コミュニティバス; busRoutes=道の駅線,adopted,10,運行状況（季節運行・休止・予約制）を要確認、登山口から離れている（徒歩アプローチを要確認）,"国土数値情報（バス停留所データ）令和4年度（国土交通省）P11-22-18-bs2068（35.962353, 136.611118、JGD2011）を加工して作成",
BS-kP11-22-18-bs2398,bus_stop,下山岡畑,35.9209987,136.639158,WGS84,358,荒島岳,,日本百名山|日本二百名山|日本三百名山,,,,TH-n6480019634(515m),operator=大野市; busType=コミュニティバス; busRoutes=和泉線 / 中竜線,adopted,10,運行状況（季節運行・休止・予約制）を要確認,"国土数値情報（バス停留所データ）令和4年度（国土交通省）P11-22-18-bs2398（35.920999, 136.639158、JGD2011）を加工して作成",
BS-kP11-22-18-bs2402,bus_stop,下山坂無,35.9205348,136.6261176,WGS84,358,荒島岳,,日本百名山|日本二百名山|日本三百名山,,,,TH-kP11-22-18-bs2402(0m) TH-n6480019634(670m) TH-n1414594714(693m),operator=大野市; busType=コミュニティバス; busRoutes=和泉線 / 中竜線,adopted,10,運行状況（季節運行・休止・予約制）を要確認、登山口から離れている（徒歩アプローチを要確認）,"国土数値情報（バス停留所データ）令和4年度（国土交通省）P11-22-18-bs2402（35.920535, 136.626118、JGD2011）を加工して作成",
BS-kP11-22-20-bs2536,bus_stop,扇沢駅前,36.5593384,137.721242,WGS84,263 267 273 279 280,五竜岳、鹿島槍ヶ岳、爺ヶ岳中峰、針ノ木岳、蓮華岳,,日本百名山|日本二百名山|日本三百名山|甲信越百名山,,,,TH-n1596020186(803m) TH-w244361104(139m) TH-ksj-P11-22-20-bs2536(0m),operator=アルピコ交通（株）・（株）関電アメニックス; busType=民間路線バス; busRoutes=扇沢線,adopted,10,運行状況（季節運行・休止・予約制）を要確認、登山口から離れている（徒歩アプローチを要確認）,"国土数値情報（バス停留所データ）令和4年度（国土交通省）P11-22-20-bs2536（36.559338, 137.721242、JGD2011）を加工して作成 ｜ OpenStreetMap（© OpenStreetMap contributors, ODbL 1.0）Geofabrik japan-latest.osm.pbf 2026-09-30T20:22:42Z node/2516859439",
BS-kP11-22-20-bs655,bus_stop,猿倉,36.7457594,137.8012004,WGS84,248 253 260,白馬岳、鑓ヶ岳、唐松岳,,日本百名山|日本二百名山|日本三百名山|甲信越百名山,,,,TH-kP11-22-20-bs655(0m),operator=アルピコ交通（株）; busType=民間路線バス; busRoutes=白馬駅-白馬八方-猿倉線,adopted,10,運行状況（季節運行・休止・予約制）を要確認,"国土数値情報（バス停留所データ）令和4年度（国土交通省）P11-22-20-bs655（36.745759, 137.801200、JGD2011）を加工して作成",
BS-kP11-22-21-bs153,bus_stop,新穂高ロープウェイ,36.2856962,137.5753894,WGS84,308 317 303 300 298 313 291 297,槍ヶ岳、奥穂高岳、双六岳、三俣蓮華岳、黒部五郎岳、笠ヶ岳、水晶岳、鷲羽岳,,日本百名山|日本二百名山|日本三百名山|甲信越百名山|東海の百山,,,,TH-osm-n4015710861(241m),operator=濃飛乗合自動車（株）; busType=民間路線バス; busRoutes=高山営業所管内（平湯・新穂高線）高山→新穂高ロープウェイ,adopted,10,運行状況（季節運行・休止・予約制）を要確認,"国土数値情報（バス停留所データ）令和4年度（国土交通省）P11-22-21-bs153（36.285696, 137.575389、JGD2011）を加工して作成 ｜ OpenStreetMap（© OpenStreetMap contributors, ODbL 1.0）Geofabrik japan-latest.osm.pbf 2026-09-30T20:22:42Z node/4416131397",
BS-kP11-22-21-bs157,bus_stop,新穂高温泉,36.283409,137.57506,WGS84,308 317 303 300 298 313 291 297,槍ヶ岳、奥穂高岳、双六岳、三俣蓮華岳、黒部五郎岳、笠ヶ岳、水晶岳、鷲羽岳,,日本百名山|日本二百名山|日本三百名山|甲信越百名山|東海の百山,,,,TH-osm-n4015710861(20m),operator=濃飛乗合自動車（株）; busType=民間路線バス; busRoutes=高山営業所管内（平湯・新穂高線）高山→新穂高ロープウェイ,adopted,10,運行状況（季節運行・休止・予約制）を要確認,"国土数値情報（バス停留所データ）令和4年度（国土交通省）P11-22-21-bs157（36.283409, 137.575060、JGD2011）を加工して作成 ｜ OpenStreetMap（© OpenStreetMap contributors, ODbL 1.0）Geofabrik japan-latest.osm.pbf 2026-09-30T20:22:42Z node/4416123611",
BS-kP11-22-21-bs175,bus_stop,深山荘前,36.2763911,137.5726623,WGS84,308 317 303 300 298 313 291 297,槍ヶ岳、奥穂高岳、双六岳、三俣蓮華岳、黒部五郎岳、笠ヶ岳、水晶岳、鷲羽岳,,日本百名山|日本二百名山|日本三百名山|甲信越百名山|東海の百山,,,,TH-osm-n4015710861(817m),operator=濃飛乗合自動車（株）; busType=民間路線バス; busRoutes=高山営業所管内（平湯・新穂高線）高山→新穂高ロープウェイ,adopted,10,運行状況（季節運行・休止・予約制）を要確認、登山口から離れている（徒歩アプローチを要確認）,"国土数値情報（バス停留所データ）令和4年度（国土交通省）P11-22-21-bs175（36.276391, 137.572662、JGD2011）を加工して作成",
BS-kP11-22-26-bs889,bus_stop,八原,35.3429647,135.6466092,WGS84,496,八ヶ峰,,関西百名山,,,,TH-n843225206(675m),operator=南丹市; busType=公営路線バス; busRoutes=知見線,adopted,10,運行状況（季節運行・休止・予約制）を要確認、登山口から離れている（徒歩アプローチを要確認）,"国土数値情報（バス停留所データ）令和4年度（国土交通省）P11-22-26-bs889（35.342965, 135.646609、JGD2011）を加工して作成",
BS-n1596019843,bus_stop,扇沢,36.5581597,137.7204854,WGS84,279 280 283,針ノ木岳、蓮華岳、烏帽子岳,,日本二百名山|日本三百名山|甲信越百名山,,,,TH-n6549089208(609m),operator=関西電力; network=立山黒部アルペンルート,provisional,20,運行状況（季節運行・休止・予約制）を要確認、公式情報または2情報源での確認が必要、登山口から離れている（徒歩アプローチを要確認）,"OpenStreetMap（© OpenStreetMap contributors, ODbL 1.0）Geofabrik japan-latest.osm.pbf 2026-09-30T20:22:42Z node/1596019843",
BS-n1596019922,bus_stop,扇沢,36.5589158,137.7203645,WGS84,279 280 283,針ノ木岳、蓮華岳、烏帽子岳,,日本二百名山|日本三百名山|甲信越百名山,,,,TH-n6549089208(572m),operator=関西電力; network=立山黒部アルペンルート; busRoutes=関西電力｜立山黒部アルペンルート｜関電トンネル電気バス 黒部ダム => 扇沢,provisional,20,運行状況（季節運行・休止・予約制）を要確認、公式情報または2情報源での確認が必要,"OpenStreetMap（© OpenStreetMap contributors, ODbL 1.0）Geofabrik japan-latest.osm.pbf 2026-09-30T20:22:42Z node/1596019922",
BS-n2474731005,bus_stop,扇沢,36.5586953,137.7207432,WGS84,279 280 283,針ノ木岳、蓮華岳、烏帽子岳,,日本二百名山|日本三百名山|甲信越百名山,,,,TH-n6549089208(611m),operator=関西電力; network=立山黒部アルペンルート; busRoutes=関西電力｜立山黒部アルペンルート｜関電トンネル電気バス 扇沢 => 黒部ダム,provisional,20,運行状況（季節運行・休止・予約制）を要確認、公式情報または2情報源での確認が必要、登山口から離れている（徒歩アプローチを要確認）,"OpenStreetMap（© OpenStreetMap contributors, ODbL 1.0）Geofabrik japan-latest.osm.pbf 2026-09-30T20:22:42Z node/2474731005",
BS-n2516859449,bus_stop,扇沢,36.5587813,137.720928,WGS84,263 267 273 279 280,五竜岳、鹿島槍ヶ岳、爺ヶ岳中峰、針ノ木岳、蓮華岳,,日本百名山|日本二百名山|日本三百名山|甲信越百名山,,,,TH-w244361104(192m) TH-ksj-P11-22-20-bs2536(68m),busRoutes=関電アメニックス (北アルプス交通)｜扇沢線路線バス (上り) / 関電アメニックス (北アルプス交通)｜扇沢線路線バス (下り),provisional,20,運行状況（季節運行・休止・予約制）を要確認、公式情報または2情報源での確認が必要,"OpenStreetMap（© OpenStreetMap contributors, ODbL 1.0）Geofabrik japan-latest.osm.pbf 2026-09-30T20:22:42Z node/2516859449",
BS-n2619428773,bus_stop,黒部ダム,36.5670625,137.666413,WGS84,268 270 274,剱岳、奥大日岳、立山,,日本百名山|日本二百名山|日本三百名山,,,,TH-n2619428773(0m) TH-n1412324140(884m) TH-n1412327567(305m),busRoutes=関西電力｜立山黒部アルペンルート｜関電トンネル電気バス 扇沢 => 黒部ダム / 関西電力｜立山黒部アルペンルート｜関電トンネル電気バス 黒部ダム => 扇沢,provisional,20,運行状況（季節運行・休止・予約制）を要確認、公式情報または2情報源での確認が必要、登山口から離れている（徒歩アプローチを要確認）,"OpenStreetMap（© OpenStreetMap contributors, ODbL 1.0）Geofabrik japan-latest.osm.pbf 2026-09-30T20:22:42Z node/2619428773",
BS-n3724829800,bus_stop,別当出合,36.1249064,136.7396377,WGS84,333,白山,,日本百名山|日本二百名山|日本三百名山|東海の百山,,,,TH-n2430652665(235m) TH-n2349487826(23m),,provisional,20,運行状況（季節運行・休止・予約制）を要確認、公式情報または2情報源での確認が必要,"OpenStreetMap（© OpenStreetMap contributors, ODbL 1.0）Geofabrik japan-latest.osm.pbf 2026-09-30T20:22:42Z node/3724829800",
BS-n6834209693,bus_stop,扇沢,36.5587829,137.7209845,WGS84,263 267 273 279 280,五竜岳、鹿島槍ヶ岳、爺ヶ岳中峰、針ノ木岳、蓮華岳,,日本百名山|日本二百名山|日本三百名山|甲信越百名山,,,,TH-n1596020186(839m) TH-w244361104(188m) TH-ksj-P11-22-20-bs2536(66m),,provisional,20,運行状況（季節運行・休止・予約制）を要確認、公式情報または2情報源での確認が必要、登山口から離れている（徒歩アプローチを要確認）,"OpenStreetMap（© OpenStreetMap contributors, ODbL 1.0）Geofabrik japan-latest.osm.pbf 2026-09-30T20:22:42Z node/6834209693",
BS-n6834209694,bus_stop,扇沢,36.5586107,137.7209913,WGS84,263 267 273 279,五竜岳、鹿島槍ヶ岳、爺ヶ岳中峰、針ノ木岳,,日本百名山|日本二百名山|日本三百名山|甲信越百名山,,,,TH-n1596020186(843m),,provisional,20,運行状況（季節運行・休止・予約制）を要確認、公式情報または2情報源での確認が必要、登山口から離れている（徒歩アプローチを要確認）,"OpenStreetMap（© OpenStreetMap contributors, ODbL 1.0）Geofabrik japan-latest.osm.pbf 2026-09-30T20:22:42Z node/6834209694",
PK-n10012524956,parking,松尾寺駐車場,35.4965123,135.469337,WGS84,448,青葉山,,関西百名山,,,,TH-n10012524956(0m),,provisional,20,公式情報または2情報源での確認が必要,"OpenStreetMap（© OpenStreetMap contributors, ODbL 1.0）Geofabrik japan-latest.osm.pbf 2026-09-30T20:22:42Z node/10012524956",
PK-n14051673409,parking,鹿島大冷河川公園,36.6037801,137.800412,WGS84,267,鹿島槍ヶ岳,,日本百名山|日本二百名山|日本三百名山|甲信越百名山,,,,TH-osm-n14053573621(51m),,provisional,20,公式情報または2情報源での確認が必要,"OpenStreetMap（© OpenStreetMap contributors, ODbL 1.0）Geofabrik japan-latest.osm.pbf 2026-09-30T20:22:42Z node/14051673409",
PK-n14053506401,parking,（名称なし）駐車場,36.6041376,137.7998599,WGS84,267,鹿島槍ヶ岳,,日本百名山|日本二百名山|日本三百名山|甲信越百名山,,,,TH-osm-n14053573621(13m),,provisional,20,公式情報または2情報源での確認が必要、名称なし,"OpenStreetMap（© OpenStreetMap contributors, ODbL 1.0）Geofabrik japan-latest.osm.pbf 2026-09-30T20:22:42Z node/14053506401",
PK-n2430652665,parking,Betoh Deai Parking,36.1235488,136.7376289,WGS84,333,白山,,日本百名山|日本二百名山|日本三百名山|東海の百山,,,,TH-n2430652665(0m) TH-n2349487826(257m),fee=no; capacity=150,provisional,20,公式情報または2情報源での確認が必要,"OpenStreetMap（© OpenStreetMap contributors, ODbL 1.0）Geofabrik japan-latest.osm.pbf 2026-09-30T20:22:42Z node/2430652665",
PK-n294508684,parking,（名称なし）駐車場,36.2860617,137.5751415,WGS84,308 317 303 300 298 313 291 297,槍ヶ岳、奥穂高岳、双六岳、三俣蓮華岳、黒部五郎岳、笠ヶ岳、水晶岳、鷲羽岳,,日本百名山|日本二百名山|日本三百名山|甲信越百名山|東海の百山,,,,TH-osm-n4015710861(278m),,provisional,20,公式情報または2情報源での確認が必要、名称なし,"OpenStreetMap（© OpenStreetMap contributors, ODbL 1.0）Geofabrik japan-latest.osm.pbf 2026-09-30T20:22:42Z node/294508684",
PK-n6577768194,parking,エスカルプラザ;竜神の湯,36.6635855,137.837115,WGS84,260 263 267,唐松岳、五竜岳、鹿島槍ヶ岳,,日本三百名山|甲信越百名山|日本百名山|日本二百名山,,,,TH-n3152446976(480m),,provisional,20,公式情報または2情報源での確認が必要、登山口から離れている（徒歩アプローチを要確認）,"OpenStreetMap（© OpenStreetMap contributors, ODbL 1.0）Geofabrik japan-latest.osm.pbf 2026-09-30T20:22:42Z node/6577768194",
PK-n6582054801,parking,（名称なし）駐車場,36.2568859,136.8743223,WGS84,320,三方岩岳,,日本三百名山,,,,TH-n10058800943(31m),fee=no; access=yes,provisional,20,公式情報または2情報源での確認が必要、名称なし,"OpenStreetMap（© OpenStreetMap contributors, ODbL 1.0）Geofabrik japan-latest.osm.pbf 2026-09-30T20:22:42Z node/6582054801",
PK-w1039520190,parking,（名称なし）駐車場,36.7471948,137.7996738,WGS84,248 253 260,白馬岳、鑓ヶ岳、唐松岳,,日本百名山|日本二百名山|日本三百名山|甲信越百名山,,,,TH-kP11-22-20-bs655(209m),,provisional,40,公式情報または2情報源での確認が必要、名称なし,"OpenStreetMap（© OpenStreetMap contributors, ODbL 1.0）Geofabrik japan-latest.osm.pbf 2026-09-30T20:22:42Z way/1039520190",
PK-w1039520191,parking,（名称なし）駐車場,36.7458556,137.8012765,WGS84,248 253 260,白馬岳、鑓ヶ岳、唐松岳,,日本百名山|日本二百名山|日本三百名山|甲信越百名山,,,,TH-kP11-22-20-bs655(13m),,provisional,40,公式情報または2情報源での確認が必要、名称なし,"OpenStreetMap（© OpenStreetMap contributors, ODbL 1.0）Geofabrik japan-latest.osm.pbf 2026-09-30T20:22:42Z way/1039520191",
PK-w1041514406,parking,（名称なし）駐車場,36.575222,137.4394594,WGS84,278,鍬崎山,,日本三百名山,,,,TH-gsi-awasuno(126m),,provisional,40,公式情報または2情報源での確認が必要、名称なし,"OpenStreetMap（© OpenStreetMap contributors, ODbL 1.0）Geofabrik japan-latest.osm.pbf 2026-09-30T20:22:42Z way/1041514406",
PK-w1041514410,parking,（名称なし）駐車場,36.5765758,137.4396827,WGS84,278,鍬崎山,,日本三百名山,,,,TH-n1332066765(476m) TH-gsi-awasuno(42m),,provisional,40,公式情報または2情報源での確認が必要、名称なし、登山口から離れている（徒歩アプローチを要確認）,"OpenStreetMap（© OpenStreetMap contributors, ODbL 1.0）Geofabrik japan-latest.osm.pbf 2026-09-30T20:22:42Z way/1041514410",
PK-w1041514433,parking,（名称なし）駐車場,36.5760016,137.4407893,WGS84,278,鍬崎山,,日本三百名山,,,,TH-n1332066134(455m) TH-gsi-awasuno(79m),,provisional,40,公式情報または2情報源での確認が必要、名称なし、登山口から離れている（徒歩アプローチを要確認）,"OpenStreetMap（© OpenStreetMap contributors, ODbL 1.0）Geofabrik japan-latest.osm.pbf 2026-09-30T20:22:42Z way/1041514433",
PK-w1041514435,parking,（名称なし）駐車場,36.5797312,137.4351642,WGS84,278,鍬崎山,,日本三百名山,,,,TH-n1332066765(295m),,provisional,40,公式情報または2情報源での確認が必要、名称なし,"OpenStreetMap（© OpenStreetMap contributors, ODbL 1.0）Geofabrik japan-latest.osm.pbf 2026-09-30T20:22:42Z way/1041514435",
PK-w1125827982,parking,（名称なし）駐車場,36.1434788,136.8205596,WGS84,333,白山,,日本百名山|日本二百名山|日本三百名山|東海の百山,,,,TH-n1294072731(178m),,provisional,40,公式情報または2情報源での確認が必要、名称なし,"OpenStreetMap（© OpenStreetMap contributors, ODbL 1.0）Geofabrik japan-latest.osm.pbf 2026-09-30T20:22:42Z way/1125827982",
PK-w1125827984,parking,（名称なし）駐車場,36.1445987,136.8210644,WGS84,333,白山,,日本百名山|日本二百名山|日本三百名山|東海の百山,,,,TH-n1294072731(56m),,provisional,40,公式情報または2情報源での確認が必要、名称なし,"OpenStreetMap（© OpenStreetMap contributors, ODbL 1.0）Geofabrik japan-latest.osm.pbf 2026-09-30T20:22:42Z way/1125827984",
PK-w1125834662,parking,（名称なし）駐車場,36.1234206,136.7375845,WGS84,333,白山,,日本百名山|日本二百名山|日本三百名山|東海の百山,,,,TH-n2430652665(15m) TH-n2349487826(270m),,provisional,40,公式情報または2情報源での確認が必要、名称なし,"OpenStreetMap（© OpenStreetMap contributors, ODbL 1.0）Geofabrik japan-latest.osm.pbf 2026-09-30T20:22:42Z way/1125834662",
PK-w1125834663,parking,（名称なし）駐車場,36.1237404,136.7382552,WGS84,333,白山,,日本百名山|日本二百名山|日本三百名山|東海の百山,,,,TH-n2430652665(60m) TH-n2349487826(202m),,provisional,40,公式情報または2情報源での確認が必要、名称なし,"OpenStreetMap（© OpenStreetMap contributors, ODbL 1.0）Geofabrik japan-latest.osm.pbf 2026-09-30T20:22:42Z way/1125834663",
PK-w1125964886,parking,白川郷展望台駐車場,36.2610611,136.8642473,WGS84,320,三方岩岳,,日本三百名山,,,,TH-n294460444(32m),fee=no; access=yes,provisional,40,公式情報または2情報源での確認が必要,"OpenStreetMap（© OpenStreetMap contributors, ODbL 1.0）Geofabrik japan-latest.osm.pbf 2026-09-30T20:22:42Z way/1125964886",
PK-w1125965945,parking,三方岩駐車場,36.2635082,136.8376945,WGS84,320,三方岩岳,,日本三百名山,,,,TH-n1294092512(19m),fee=no; access=yes,provisional,40,公式情報または2情報源での確認が必要,"OpenStreetMap（© OpenStreetMap contributors, ODbL 1.0）Geofabrik japan-latest.osm.pbf 2026-09-30T20:22:42Z way/1125965945",
PK-w1181250435,parking,（名称なし）駐車場,36.5829582,137.444897,WGS84,278,鍬崎山,,日本三百名山,,,,TH-kP11-22-16-bs2352(41m),access=permissive,provisional,40,公式情報または2情報源での確認が必要、名称なし,"OpenStreetMap（© OpenStreetMap contributors, ODbL 1.0）Geofabrik japan-latest.osm.pbf 2026-09-30T20:22:42Z way/1181250435",
PK-w1240329573,parking,（名称なし）駐車場,36.5598628,137.7305138,WGS84,263 267 273 279,五竜岳、鹿島槍ヶ岳、爺ヶ岳中峰、針ノ木岳,,日本百名山|日本二百名山|日本三百名山|甲信越百名山,,,,TH-n1596020186(103m),,provisional,40,公式情報または2情報源での確認が必要、名称なし,"OpenStreetMap（© OpenStreetMap contributors, ODbL 1.0）Geofabrik japan-latest.osm.pbf 2026-09-30T20:22:42Z way/1240329573",
PK-w1240329796,parking,（名称なし）駐車場,36.5602684,137.7292716,WGS84,263 267 273 279,五竜岳、鹿島槍ヶ岳、爺ヶ岳中峰、針ノ木岳,,日本百名山|日本二百名山|日本三百名山|甲信越百名山,,,,TH-n1596020186(86m),,provisional,40,公式情報または2情報源での確認が必要、名称なし,"OpenStreetMap（© OpenStreetMap contributors, ODbL 1.0）Geofabrik japan-latest.osm.pbf 2026-09-30T20:22:42Z way/1240329796",
PK-w1240333844,parking,（名称なし）駐車場,36.560816,137.7264389,WGS84,263 267 273 279,五竜岳、鹿島槍ヶ岳、爺ヶ岳中峰、針ノ木岳,,日本百名山|日本二百名山|日本三百名山|甲信越百名山,,,,TH-n1596020186(324m),,provisional,40,公式情報または2情報源での確認が必要、名称なし、登山口から離れている（徒歩アプローチを要確認）,"OpenStreetMap（© OpenStreetMap contributors, ODbL 1.0）Geofabrik japan-latest.osm.pbf 2026-09-30T20:22:42Z way/1240333844",
PK-w1240333859,parking,（名称なし）駐車場,36.5597714,137.7222463,WGS84,263 267 273 279,五竜岳、鹿島槍ヶ岳、爺ヶ岳中峰、針ノ木岳,,日本百名山|日本二百名山|日本三百名山|甲信越百名山,,,,TH-w244361104(41m),,provisional,40,公式情報または2情報源での確認が必要、名称なし,"OpenStreetMap（© OpenStreetMap contributors, ODbL 1.0）Geofabrik japan-latest.osm.pbf 2026-09-30T20:22:42Z way/1240333859",
PK-w1370011477,parking,栂の木台駐車場,36.2619855,136.83159,WGS84,320,三方岩岳,,日本三百名山,,,,TH-n294459369(41m) TH-gsi-togenokidai(35m),fee=no; access=yes,provisional,40,公式情報または2情報源での確認が必要,"OpenStreetMap（© OpenStreetMap contributors, ODbL 1.0）Geofabrik japan-latest.osm.pbf 2026-09-30T20:22:42Z way/1370011477",
PK-w1387488311,parking,（名称なし）駐車場,36.2571778,136.8747464,WGS84,320,三方岩岳,,日本三百名山,,,,TH-n10058800943(19m),fee=no; access=yes,provisional,40,公式情報または2情報源での確認が必要、名称なし,"OpenStreetMap（© OpenStreetMap contributors, ODbL 1.0）Geofabrik japan-latest.osm.pbf 2026-09-30T20:22:42Z way/1387488311",
PK-w1387489096,parking,（名称なし）駐車場,36.2569844,136.8744794,WGS84,320,三方岩岳,,日本三百名山,,,,TH-n10058800943(14m),fee=no,provisional,40,公式情報または2情報源での確認が必要、名称なし,"OpenStreetMap（© OpenStreetMap contributors, ODbL 1.0）Geofabrik japan-latest.osm.pbf 2026-09-30T20:22:42Z way/1387489096",
PK-w197896240,parking,（名称なし）駐車場,36.576885,137.5952585,WGS84,268 270 274,剱岳、奥大日岳、立山,,日本百名山|日本二百名山|日本三百名山,,,,TH-n1412330520(112m),,provisional,40,公式情報または2情報源での確認が必要、名称なし,"OpenStreetMap（© OpenStreetMap contributors, ODbL 1.0）Geofabrik japan-latest.osm.pbf 2026-09-30T20:22:42Z way/197896240",
PK-w244361095,parking,扇沢有料駐車場（第3駐車場）,36.5594418,137.722292,WGS84,263 267 273 279 280,五竜岳、鹿島槍ヶ岳、爺ヶ岳中峰、針ノ木岳、蓮華岳,,日本百名山|日本二百名山|日本三百名山|甲信越百名山,,,,TH-w244361104(51m) TH-ksj-P11-22-20-bs2536(95m),,provisional,40,公式情報または2情報源での確認が必要,"OpenStreetMap（© OpenStreetMap contributors, ODbL 1.0）Geofabrik japan-latest.osm.pbf 2026-09-30T20:22:42Z way/244361095",
PK-w244361104,parking,扇沢有料駐車場（第4駐車場）,36.559765,137.7227024,WGS84,263 267 273 279,五竜岳、鹿島槍ヶ岳、爺ヶ岳中峰、針ノ木岳,,日本百名山|日本二百名山|日本三百名山|甲信越百名山,,,,TH-w244361104(0m),,provisional,40,公式情報または2情報源での確認が必要,"OpenStreetMap（© OpenStreetMap contributors, ODbL 1.0）Geofabrik japan-latest.osm.pbf 2026-09-30T20:22:42Z way/244361104",
PK-w416728786,parking,（名称なし）駐車場,36.6471607,137.5543026,WGS84,268,剱岳,,日本百名山|日本二百名山|日本三百名山,,,,TH-gsi-banbajima(33m),fee=no; access=yes,provisional,40,公式情報または2情報源での確認が必要、名称なし,"OpenStreetMap（© OpenStreetMap contributors, ODbL 1.0）Geofabrik japan-latest.osm.pbf 2026-09-30T20:22:42Z way/416728786",
PK-w416728807,parking,（名称なし）駐車場,36.6495213,137.551458,WGS84,268,剱岳,,日本百名山|日本二百名山|日本三百名山,,,,TH-gsi-banbajima(397m),,provisional,40,公式情報または2情報源での確認が必要、名称なし、登山口から離れている（徒歩アプローチを要確認）,"OpenStreetMap（© OpenStreetMap contributors, ODbL 1.0）Geofabrik japan-latest.osm.pbf 2026-09-30T20:22:42Z way/416728807",
PK-w448942844,parking,バス回転場（駐車禁止）,36.2827737,137.574831,WGS84,308 317 303 300 298 313 291 297,槍ヶ岳、奥穂高岳、双六岳、三俣蓮華岳、黒部五郎岳、笠ヶ岳、水晶岳、鷲羽岳,,日本百名山|日本二百名山|日本三百名山|甲信越百名山|東海の百山,,,,TH-osm-n4015710861(86m),,provisional,40,公式情報または2情報源での確認が必要,"OpenStreetMap（© OpenStreetMap contributors, ODbL 1.0）Geofabrik japan-latest.osm.pbf 2026-09-30T20:22:42Z way/448942844",
PK-w609199315,parking,（名称なし）駐車場,36.5819552,137.4452167,WGS84,278,鍬崎山,,日本三百名山,,,,TH-kP11-22-16-bs2352(118m),,provisional,40,公式情報または2情報源での確認が必要、名称なし,"OpenStreetMap（© OpenStreetMap contributors, ODbL 1.0）Geofabrik japan-latest.osm.pbf 2026-09-30T20:22:42Z way/609199315",
PK-w609199319,parking,（名称なし）駐車場,36.5836765,137.446223,WGS84,278,鍬崎山,,日本三百名山,,,,TH-kP11-22-16-bs2352(107m),,provisional,40,公式情報または2情報源での確認が必要、名称なし,"OpenStreetMap（© OpenStreetMap contributors, ODbL 1.0）Geofabrik japan-latest.osm.pbf 2026-09-30T20:22:42Z way/609199319",
PK-w619835280,parking,（名称なし）駐車場,35.9584084,136.5588044,WGS84,358,荒島岳,,日本百名山|日本二百名山|日本三百名山,,,,TH-gsi-nakande(279m),,provisional,40,公式情報または2情報源での確認が必要、名称なし,"OpenStreetMap（© OpenStreetMap contributors, ODbL 1.0）Geofabrik japan-latest.osm.pbf 2026-09-30T20:22:42Z way/619835280",
PK-w630234122,parking,（名称なし）駐車場,36.4942315,137.7249007,WGS84,279 280 283 286 290,針ノ木岳、蓮華岳、烏帽子岳、赤牛岳、野口五郎岳,,日本二百名山|日本三百名山|甲信越百名山,,,,TH-n1596195211(191m) TH-osm-n1596195211(191m),,provisional,40,公式情報または2情報源での確認が必要、名称なし,"OpenStreetMap（© OpenStreetMap contributors, ODbL 1.0）Geofabrik japan-latest.osm.pbf 2026-09-30T20:22:42Z way/630234122",
PK-w645318855,parking,（名称なし）駐車場,36.8111631,137.7995638,WGS84,235 244 248 253,朝日岳、雪倉岳、白馬岳、鑓ヶ岳,,日本三百名山|甲信越百名山|日本二百名山|日本百名山,,,,TH-n1249472684(31m),,provisional,40,公式情報または2情報源での確認が必要、名称なし,"OpenStreetMap（© OpenStreetMap contributors, ODbL 1.0）Geofabrik japan-latest.osm.pbf 2026-09-30T20:22:42Z way/645318855",
PK-w682414088,parking,中崎山荘 奥飛騨の湯 専用駐車場,36.2838247,137.5748369,WGS84,308 317 303 300 298 313 291 297,槍ヶ岳、奥穂高岳、双六岳、三俣蓮華岳、黒部五郎岳、笠ヶ岳、水晶岳、鷲羽岳,,日本百名山|日本二百名山|日本三百名山|甲信越百名山|東海の百山,,,,TH-osm-n4015710861(31m),access=customers,provisional,40,公式情報または2情報源での確認が必要,"OpenStreetMap（© OpenStreetMap contributors, ODbL 1.0）Geofabrik japan-latest.osm.pbf 2026-09-30T20:22:42Z way/682414088",
PK-w689102523,parking,（名称なし）駐車場,36.5766887,137.5960264,WGS84,268 270 274,剱岳、奥大日岳、立山,,日本百名山|日本二百名山|日本三百名山,,,,TH-n1412330520(52m),,provisional,40,公式情報または2情報源での確認が必要、名称なし,"OpenStreetMap（© OpenStreetMap contributors, ODbL 1.0）Geofabrik japan-latest.osm.pbf 2026-09-30T20:22:42Z way/689102523",
PK-w689102525,parking,（名称なし）駐車場,36.5762685,137.5935803,WGS84,268 270 274,剱岳、奥大日岳、立山,,日本百名山|日本二百名山|日本三百名山,,,,TH-n1412330520(273m),,provisional,40,公式情報または2情報源での確認が必要、名称なし,"OpenStreetMap（© OpenStreetMap contributors, ODbL 1.0）Geofabrik japan-latest.osm.pbf 2026-09-30T20:22:42Z way/689102525",
PK-w700439943,parking,（名称なし）駐車場,36.6638975,137.8363821,WGS84,260 263 267,唐松岳、五竜岳、鹿島槍ヶ岳,,日本三百名山|甲信越百名山|日本百名山|日本二百名山,,,,TH-n3152446976(416m),,provisional,40,公式情報または2情報源での確認が必要、名称なし、登山口から離れている（徒歩アプローチを要確認）,"OpenStreetMap（© OpenStreetMap contributors, ODbL 1.0）Geofabrik japan-latest.osm.pbf 2026-09-30T20:22:42Z way/700439943",
PK-w700439945,parking,（名称なし）駐車場,36.6641342,137.835127,WGS84,260 263 267,唐松岳、五竜岳、鹿島槍ヶ岳,,日本三百名山|甲信越百名山|日本百名山|日本二百名山,,,,TH-n3152446976(309m),,provisional,40,公式情報または2情報源での確認が必要、名称なし、登山口から離れている（徒歩アプローチを要確認）,"OpenStreetMap（© OpenStreetMap contributors, ODbL 1.0）Geofabrik japan-latest.osm.pbf 2026-09-30T20:22:42Z way/700439945",
PK-w788850758,parking,（名称なし）駐車場,36.4833869,137.4736399,WGS84,285 286 298,薬師岳、赤牛岳、黒部五郎岳,,日本百名山|日本二百名山|日本三百名山|東海の百山,,,,TH-n4730366636(162m),,provisional,40,公式情報または2情報源での確認が必要、名称なし,"OpenStreetMap（© OpenStreetMap contributors, ODbL 1.0）Geofabrik japan-latest.osm.pbf 2026-09-30T20:22:42Z way/788850758",
PK-w830742809,parking,参拝者 第1駐車場,35.4965567,135.4692243,WGS84,448,青葉山,,関西百名山,,,,TH-n10012524956(11m),fee=yes,provisional,40,公式情報または2情報源での確認が必要,"OpenStreetMap（© OpenStreetMap contributors, ODbL 1.0）Geofabrik japan-latest.osm.pbf 2026-09-30T20:22:42Z way/830742809",
PK-w831018878,parking,（名称なし）駐車場,35.497067,135.4706986,WGS84,448,青葉山,,関西百名山,,,,TH-n10012524956(138m) TH-n1736024133(429m),,provisional,40,公式情報または2情報源での確認が必要、名称なし、登山口から離れている（徒歩アプローチを要確認）,"OpenStreetMap（© OpenStreetMap contributors, ODbL 1.0）Geofabrik japan-latest.osm.pbf 2026-09-30T20:22:42Z way/831018878",
TH-gsi-abekidani,trailhead,阿部木谷出合（毛勝山 西北尾根登山口）,36.73113,137.552082,WGS84,257,毛勝山,,日本二百名山|日本三百名山,西北尾根コース,公式情報による登山口,,,"course=毛勝山（阿部木谷出合）西北尾根は往復で体力度5・技術的難易度C、コースタイム11.8時間、距離11.8km、登り下りとも累積1,950m、起点の標高713m、毛勝山2,415m（富山県 山のグレーディング）",adopted,50,"このルートは体力度4以上（1泊以上が適当）だが、途中に宿泊施設・テント場がない（富山県 山のグレーディング）、約200m南（36.729429, 137.552846、標高748.9m）にも徒歩道が林道から始まる位置がある","国土地理院ベクトルタイル提供実験 地理院地図の徒歩道が林道から始まる位置（36.731130, 137.552082）。国土地理院 標高API 717.8mで、富山県 山のグレーディングの起点標高713mと一致 2026-09-23確認 ｜ 公式情報: https://www.pref.toyama.jp/1709/kurashi/sportsleisure/tozan/kj00021724/index.html ｜ 公式情報: https://www.pref.toyama.jp/documents/8174/01399294r08.pdf",2026-09-23
TH-gsi-aoba-nakayama,trailhead,中山寺登山口（青葉山）,35.496459,135.496677,WGS84,448,青葉山,,関西百名山,,公式情報による登山口,,,course=中山寺→合流点 登り30分・下り25分、合流点→展望台 20分、展望台→東峰 40分（若狭高浜観光協会）; parking=中山寺・青葉山ハーバルビレッジ・登山口に駐車場（若狭高浜観光協会）,adopted,300,登山口の正確な位置は公式情報では未確認,"国土地理院ベクトルタイル提供実験 地理院地図の徒歩道が車道から始まる位置（35.496459, 135.496677）、標高128.4m。地理院地図の注記「中山寺」（35.495733, 135.500544）の西約0.35km。地理院地図の徒歩道で山頂まで約2.4km 2026-09-26確認 ｜ 公式情報: https://wakasa-takahama.jp/wp-content/uploads/2022/05/aobamap.pdf ｜ 公式情報: https://wakasa-takahama.jp/spot/aobasan/",2026-09-26
TH-gsi-awasuno,trailhead,粟巣野スキー場（鍬崎山 周回ルート起点）,36.576279,137.439972,WGS84,278,鍬崎山,,日本三百名山,瀬戸蔵山→鍬崎山 周回,公式情報による登山口,,PK-w1041514410(42m) PK-w1041514433(79m) PK-w1041514406(126m) BS-kP11-22-16-bs2352(887m),"course=瀬戸蔵山→鍬崎山（粟巣野スキー場）は周回で体力度5・技術的難易度C、コースタイム11.9時間、距離13.9km、登り下りとも累積1,930m、起点の標高602m、鍬崎山2,090m（富山県 山のグレーディング）",adopted,100,このルートは体力度4以上（1泊以上が適当）だが、途中に宿泊施設・テント場がない（富山県 山のグレーディング）、登山道の入口はスキー場側にあり、正確な位置は公式情報では未確認,"国土地理院ベクトルタイル提供実験 地理院地図の徒歩道が道路から始まる位置（36.576279, 137.439972）。国土地理院 地名検索「粟巣野」（36.577717, 137.439328、JGD2011、165m差）2026-09-23確認 ｜ 公式情報: https://www.pref.toyama.jp/1709/kurashi/sportsleisure/tozan/kj00021724/index.html ｜ 公式情報: https://www.pref.toyama.jp/documents/8174/01399294r08.pdf",2026-09-23
TH-gsi-banbajima,trailhead,馬場島（剱岳 早月尾根登山口）,36.646947,137.554561,WGS84,268,剱岳,,日本百名山|日本二百名山|日本三百名山,早月尾根コース,登山記録で広く使われている登山口,,PK-w416728786(33m) PK-w416728807(397m),,provisional,150,,"国土地理院ベクトルタイル提供実験 地理院地図の注記「馬場島」の位置（36.646947, 137.554561）、標高747m 2026-09-25確認 ｜ 登山記録で広く使われている登山口（登山記録・登山情報サイトで名称と利用を確認。公式情報では未確認） 2026-09-25確認",
TH-gsi-happoike-sanso,trailhead,八方池山荘（八方尾根 唐松岳・五竜岳）,36.697117,137.798826,WGS84,260 263,唐松岳、五竜岳,,日本三百名山|甲信越百名山|日本百名山|日本二百名山,八方尾根（唐松岳経由）コース,登山記録で広く使われている登山口,,,,provisional,100,,"国土地理院ベクトルタイル提供実験 地理院地図の注記「八方池山荘」の位置（36.697117, 137.798826）、標高1,835.4m 2026-09-25確認 ｜ 登山記録で広く使われている登山口（登山記録・登山情報サイトで名称と利用を確認。公式情報では未確認） 2026-09-25確認",
TH-gsi-higashimata,trailhead,東俣登山口（金剛堂山）,36.360874,137.036215,WGS84,301,金剛堂山,,日本二百名山|日本三百名山,,登山記録で広く使われている登山口,,,,provisional,300,,"国土地理院ベクトルタイル提供実験 地理院地図の徒歩道が車道から始まる位置（36.360874, 137.036215）、標高1,508.2m。地理院地図の徒歩道で山頂まで約3.0km 2026-09-26確認 ｜ 登山記録で広く使われている登山口（登山記録・登山情報サイトで名称と利用を確認。公式情報では未確認） 2026-09-26確認",
TH-gsi-karatani,trailhead,唐谷コース登山口（経ヶ岳）,36.030041,136.611595,WGS84,343,経ヶ岳,,日本三百名山,唐谷コース,公式情報による登山口,,,course=唐谷コースは登り3時間20分、下り2時間30分（大野市）; parking=駐車場はなく5〜6台ほどのスペース、トイレなし。登山道入り口に看板がある（大野市・福井県）; access=中部縦貫自動車道大野ICまたは荒島ICから車で約20分。広域基幹林道が通行止めの場合は入れない（大野市）,adopted,200,"唐谷コースは唐谷川沿いに進み、標高1,340m付近の池ノ大沢が貴重な水場（大野市）、切窓から山頂までは急登が続き、らくだの背は岩場や大きな石の道（福井県）","国土地理院ベクトルタイル提供実験 地理院地図の徒歩道が林道から始まる位置（36.030041, 136.611595）、標高916.4m。周囲1.5kmで徒歩道が道路から始まる位置はここだけ。地理院地図の注記「唐谷川」から1,017m 2026-09-23確認 ｜ 公式情報: https://www.city.ono.fukui.jp/kanko/kanko-joho/guide/kyogadake.html ｜ 公式情報: https://info.pref.fukui.lg.jp/syougak/img/file105.pdf",2026-09-23
TH-gsi-nakande,trailhead,中出登山口（荒島岳）,35.959263,136.555888,WGS84,358,荒島岳,,日本百名山|日本二百名山|日本三百名山,中出コース,登山記録で広く使われている登山口,,PK-w619835280(279m),,provisional,250,,"国土地理院ベクトルタイル提供実験 地理院地図の徒歩道が車道から始まる位置（35.959263, 136.555888）、標高310.1m。地理院地図の注記「木落」から232m。2026-09-25確認 ｜ 登山記録で広く使われている登山口（登山記録・登山情報サイトで名称と利用を確認。公式情報では未確認） 2026-09-25確認",
TH-gsi-shirakimine8,trailhead,白木峰八合目（登山口・駐車場）,36.418588,137.105114,WGS84,292,白木峰,,日本三百名山,登山道コース、管理道コース,公式情報による登山口,,,parking=八合目に駐車場約20台とバイオトイレ（7時〜17時、季節営業、冬期は閉鎖）（富山市）; course=八合目から山頂まで登山道コース約60分、管理道コース約70分（富山市）; restriction=林道大谷線は21世紀の森杉ヶ平キャンプ場から八合目までが大規模崩落で車両通行止め（2026年5月時点、富山市）,adopted,50,車両通行止めの間も徒歩での登山は可能。復旧には複数年を要する見込み（富山市）、キャンプ場から先に水場はない。クマの生息地のため鈴などの対策が必要（富山市）、白木峰・小白木峰（駐車場）は往復で体力度3・技術的難易度B、コースタイム5.5時間、距離10.6km（富山県 山のグレーディング）,"国土地理院ベクトルタイル提供実験 地理院地図の徒歩道が林道から始まる位置（36.418588, 137.105114）。国土地理院 標高API 1,315.3mで、富山県 山のグレーディングの起点標高1,322mと一致 2026-09-23確認 ｜ 公式情報: https://www.city.toyama.lg.jp/bunka/bunka/1010547/1010558/1006038.html ｜ 公式情報: https://www.city.toyama.toyama.jp/norinsuisanbu/norinjimusho/nochirinmuka/shirakimine_guide.html ｜ 公式情報: https://www.pref.toyama.jp/documents/8174/01399294r08.pdf",2026-09-23
TH-gsi-takasedam,trailhead,高瀬ダム（ブナ立尾根登山口）,36.473238,137.687964,WGS84,283 290 291 297,烏帽子岳、野口五郎岳、水晶岳、鷲羽岳,,日本二百名山|日本三百名山|甲信越百名山|日本百名山,ブナ立尾根（裏銀座）,公式情報による登山口,,,"restriction=七倉から先は一般車で入れない（特定タクシーか徒歩）; bus=七倉ゲート前から高瀬ダムまでは特定タクシー（約15分・4人乗り2,700円）か徒歩（大町市観光協会）",adopted,100,高瀬ダム登山口はブナ立尾根・烏帽子岳・野口五郎小屋方面の登山口（大町市観光協会）、OSMの登山道との接続は未確認,"国土地理院 地名検索「高瀬ダム」（36.473238, 137.687964、JGD2011）2026-09-20確認 ｜ 公式情報: https://kanko-omachi.gr.jp/spot/tozanguchi3/",2026-09-20
TH-gsi-togenokidai,trailhead,栂の木台駐車場（三方岩岳 ふくべ谷登山道）,36.262256,136.831788,WGS84,320,三方岩岳,,日本三百名山,,登山記録で広く使われている登山口,,PK-w1370011477(35m),,provisional,200,,"国土地理院ベクトルタイル提供実験 地理院地図の徒歩道が車道から始まる位置（36.262256, 136.831788）、標高1,427.1m。地理院地図の注記「三方岩隧道」から465m。地理院地図の徒歩道で山頂まで約1.7km 2026-09-26確認 ｜ 登山記録で広く使われている登山口（登山記録・登山情報サイトで名称と利用を確認。公式情報では未確認） 2026-09-26確認",
TH-gsi-tsugaike-shizenen,trailhead,栂池自然園（白馬大池コース登山口）,36.769761,137.808937,WGS84,248,白馬岳,,日本百名山|日本二百名山|日本三百名山|甲信越百名山,栂池（白馬大池）コース,登山記録で広く使われている登山口,,,,provisional,200,,"国土地理院ベクトルタイル提供実験 地理院地図の注記「栂池自然園」の位置（36.769761, 137.808937）、標高1,887.1m 2026-09-25確認 ｜ 登山記録で広く使われている登山口（登山記録・登山情報サイトで名称と利用を確認。公式情報では未確認） 2026-09-25確認",
TH-gsi-yugiritoge,trailhead,夕霧峠（医王山登山口）,36.517966,136.799607,WGS84,281,医王山,,日本三百名山,,登山記録で広く使われている登山口,,,,provisional,200,,"国土地理院ベクトルタイル提供実験 地理院地図の徒歩道が車道から始まる位置（36.517966, 136.799607）、標高836.9m。地理院地図の注記「夕霧峠」から16m。地理院地図の徒歩道で山頂まで約0.7km 2026-09-26確認 ｜ 登山記録で広く使われている登山口（登山記録・登山情報サイトで名称と利用を確認。公式情報では未確認） 2026-09-26確認",
TH-kP11-22-16-bs2352,trailhead,立山駅前,36.5830202,137.4453446,WGS84,278,鍬崎山,,日本三百名山,,駐車場・バス停（林道・車道を経由して登山道へ）,鍬崎山:7.24km,PK-w1181250435(41m) PK-w609199319(107m) PK-w609199315(118m) BS-kP11-22-16-bs2352(0m),,provisional,15,近くの道路にゲートあり（車両通行止め・季節閉鎖の可能性）、林道からの入口（マイカー進入可否を要確認）、公式情報または2情報源での確認が必要,"国土数値情報（バス停留所データ）令和4年度（国土交通省）P11-22-16-bs2352（JGD2011）を加工して作成 ｜ OpenStreetMap（© OpenStreetMap contributors, ODbL 1.0）Geofabrik japan-latest.osm.pbf 2026-09-30T20:22:42Z node/1332066134（登山道と道路の接続点） ｜ 国土地理院 地名検索「立山駅」（36.583366, 137.446276、JGD2011、92m差）2026-09-20確認",2026-09-20
TH-kP11-22-18-bs2038,trailhead,東勝原,35.9682273,136.6021834,WGS84,358,荒島岳,,日本百名山|日本二百名山|日本三百名山,,駐車場・バス停（林道・車道を経由して登山道へ）,荒島岳:4.92km,BS-kP11-22-18-bs2038(0m) BS-kP11-22-18-bs2042(599m),,provisional,15,林道からの入口（マイカー進入可否を要確認）、公式情報または2情報源での確認が必要,"国土数値情報（バス停留所データ）令和4年度（国土交通省）P11-22-18-bs2038（JGD2011）を加工して作成 ｜ OpenStreetMap（© OpenStreetMap contributors, ODbL 1.0）Geofabrik japan-latest.osm.pbf 2026-09-30T20:22:42Z node/1414609605（登山道と道路の接続点）",
TH-kP11-22-18-bs2402,trailhead,下山坂無,35.9205348,136.6261176,WGS84,358,荒島岳,,日本百名山|日本二百名山|日本三百名山,,駐車場・バス停（林道・車道を経由して登山道へ）,荒島岳:4.42km,BS-kP11-22-18-bs2402(0m),,provisional,15,林道からの入口（マイカー進入可否を要確認）、公式情報または2情報源での確認が必要,"国土数値情報（バス停留所データ）令和4年度（国土交通省）P11-22-18-bs2402（JGD2011）を加工して作成 ｜ OpenStreetMap（© OpenStreetMap contributors, ODbL 1.0）Geofabrik japan-latest.osm.pbf 2026-09-30T20:22:42Z node/1414594714（登山道と道路の接続点）",
TH-kP11-22-20-bs655,trailhead,猿倉（白馬岳登山口）,36.7457594,137.8012004,WGS84,248 253 260,白馬岳、鑓ヶ岳、唐松岳,,日本百名山|日本二百名山|日本三百名山|甲信越百名山,大雪渓コース（猿倉）,駐車場・バス停（林道・車道を経由して登山道へ）,白馬岳:11.6km 鑓ヶ岳:7.8km 唐松岳:12.75km,PK-w1039520191(13m) PK-w1039520190(209m) BS-kP11-22-20-bs655(0m),restriction=猿倉駐車場は閉鎖中。八方バスターミナルからタクシー・バスを利用,adopted,15,このルートは閉鎖中（RouteData の通行状況）、林道からの入口（マイカー進入可否を要確認）、県道白馬岳線（二股〜猿倉）は2026年4月24日に開通したが、猿倉駐車場は閉鎖が続いている（白馬村）、長野県登山安全条例により、指定登山道では登山計画書の提出が必要（長野県）,"国土数値情報（バス停留所データ）令和4年度（国土交通省）P11-22-20-bs655（JGD2011）を加工して作成 ｜ OpenStreetMap（© OpenStreetMap contributors, ODbL 1.0）Geofabrik japan-latest.osm.pbf 2026-09-30T20:22:42Z node/1668145251（登山道と道路の接続点） ｜ 国土地理院 地名検索「猿倉荘」（36.745812, 137.800900、JGD2011、27m差）2026-09-24確認 ｜ 公式情報: https://www.vill.hakuba.lg.jp/gyosei/soshikikarasagasu/kankoka/osirase_ibennto_kouhoumusenntou/10949.html ｜ 公式情報: https://www.pref.nagano.lg.jp/kankoki/tozanjorei/tozanjorei.html",2026-09-20
TH-n10012524956,trailhead,松尾寺（青葉山登山口）,35.4965123,135.469337,WGS84,448,青葉山,,関西百名山,,駐車場・バス停（林道・車道を経由して登山道へ）,青葉山:1.98km,PK-n10012524956(0m) PK-w830742809(11m) PK-w831018878(138m),course=松尾寺→合流点 登り60分・下り45分、合流点→西峰 15分、西峰→東峰 40分（若狭高浜観光協会）; parking=松尾寺に駐車場・トイレ（若狭高浜観光協会）,adopted,15,,"OpenStreetMap（© OpenStreetMap contributors, ODbL 1.0）Geofabrik japan-latest.osm.pbf 2026-09-30T20:22:42Z node/10012524956 ｜ OpenStreetMap（© OpenStreetMap contributors, ODbL 1.0）Geofabrik japan-latest.osm.pbf 2026-09-30T20:22:42Z node/1736024298（登山道と道路の接続点） ｜ 公式情報: https://wakasa-takahama.jp/wp-content/uploads/2022/05/aobamap.pdf ｜ 公式情報: https://wakasa-takahama.jp/spot/aobasan/",2026-09-26
TH-n10058800943,trailhead,（名称未確認）,36.2570537,136.8746037,WGS84,320,三方岩岳,,日本三百名山,,一般道（県道以上）との接続,三方岩岳:3.51km,PK-w1387489096(14m) PK-w1387488311(19m) PK-n6582054801(31m),,provisional,30,名称未確認、公式情報または2情報源での確認が必要,"OpenStreetMap（© OpenStreetMap contributors, ODbL 1.0）Geofabrik japan-latest.osm.pbf 2026-09-30T20:22:42Z node/10058800943（登山道と道路の接続点）",
TH-n1249472684,trailhead,蓮華温泉（朝日岳・雪倉岳・白馬岳方面の登山口）,36.811258,137.799893,WGS84,235 244 248 253,朝日岳、雪倉岳、白馬岳、鑓ヶ岳,,日本三百名山|甲信越百名山|日本二百名山|日本百名山,,一般道との接続,朝日岳:10.28km 雪倉岳:10.69km 白馬岳:9.63km 鑓ヶ岳:13.32km,PK-w645318855(31m),,adopted,15,蓮華温泉は朝日岳・雪倉岳方面の登山口、国土地理院の地名「蓮華温泉」とOSMの登山道の接続点の位置が一致（独立した2情報源）、冬期は道路が閉鎖される。入山前に糸魚川市・新潟県の道路情報を確認すること,"OpenStreetMap（© OpenStreetMap contributors, ODbL 1.0）Geofabrik japan-latest.osm.pbf 2026-09-30T20:22:42Z node/1249472684（登山道と道路の接続点） ｜ 国土地理院 地名検索「蓮華温泉」（36.810227, 137.798787、JGD2011、151m差）2026-09-20確認",2026-09-20
TH-n1276629190,trailhead,黒部平,36.5669316,137.6496381,WGS84,268 270 274,剱岳、奥大日岳、立山,,日本百名山|日本二百名山|日本三百名山,,索道駅（ロープウェイ・ゴンドラ）,剱岳:12.54km 奥大日岳:10.77km 立山:5.92km,,,provisional,15,公式情報または2情報源での確認が必要,"OpenStreetMap（© OpenStreetMap contributors, ODbL 1.0）Geofabrik japan-latest.osm.pbf 2026-09-30T20:22:42Z node/1276629190 ｜ 国土地理院 地名検索「黒部平駅」（36.566779, 137.649845、JGD2011、25m差）2026-09-20確認",2026-09-20
TH-n1293333983,trailhead,温見峠,35.7792307,136.5184645,WGS84,395,能郷白山,,日本二百名山|日本三百名山|東海の百山,,峠（道路との接続）,能郷白山:2.22km,,,adopted,30,,"OpenStreetMap（© OpenStreetMap contributors, ODbL 1.0）Geofabrik japan-latest.osm.pbf 2026-09-30T20:22:42Z node/1293333983（登山道と道路の接続点） ｜ 国土地理院 地名検索「温見峠」（35.779395, 136.518184、JGD2011、31m差）2026-09-20確認",2026-09-20
TH-n1293357517,trailhead,（名称未確認）,35.735898,136.5411235,WGS84,395,能郷白山,,日本二百名山|日本三百名山|東海の百山,,道路の終点付近,能郷白山:4.37km,,,candidate,30,名称未確認、林道からの入口（マイカー進入可否を要確認）、公式情報または2情報源での確認が必要,"OpenStreetMap（© OpenStreetMap contributors, ODbL 1.0）Geofabrik japan-latest.osm.pbf 2026-09-30T20:22:42Z node/1293357517（登山道と道路の接続点）",
TH-n1293359333,trailhead,（名称未確認）,35.7387512,136.5354202,WGS84,395,能郷白山,,日本二百名山|日本三百名山|東海の百山,,林道との接続,能郷白山:3.66km,,,candidate,30,名称未確認、林道からの入口（マイカー進入可否を要確認）、公式情報または2情報源での確認が必要,"OpenStreetMap（© OpenStreetMap contributors, ODbL 1.0）Geofabrik japan-latest.osm.pbf 2026-09-30T20:22:42Z node/1293359333（登山道と道路の接続点）",
TH-n1293368294,trailhead,（名称未確認）,35.7310197,136.5464995,WGS84,395,能郷白山,,日本二百名山|日本三百名山|東海の百山,,一般道との接続,能郷白山:5.15km,,,candidate,30,名称未確認、公式情報または2情報源での確認が必要,"OpenStreetMap（© OpenStreetMap contributors, ODbL 1.0）Geofabrik japan-latest.osm.pbf 2026-09-30T20:22:42Z node/1293368294（登山道と道路の接続点）",
TH-n1294072731,trailhead,白山・大白川登山口,36.1450698,136.8208427,WGS84,333,白山,,日本百名山|日本二百名山|日本三百名山|東海の百山,OSM登山道「平瀬道」、平瀬道,登山口（OSMの登山口地物）,白山:6.67km,PK-w1125827984(56m) PK-w1125827982(178m),,adopted,15,採用の根拠: OSMの登山口名と、地理院地図の徒歩道が道路から始まる位置の一致（公式情報では未確認）,"OpenStreetMap（© OpenStreetMap contributors, ODbL 1.0）Geofabrik japan-latest.osm.pbf 2026-09-30T20:22:42Z node/1294072731 ｜ 国土地理院ベクトルタイル提供実験 地理院地図の徒歩道の起点（36.145111, 136.820902、JGD2011、7m差）2026-10-01確認",
TH-n1294092512,trailhead,三方岩駐車場（三方岩岳登山口）,36.2634202,136.8378797,WGS84,320,三方岩岳,,日本三百名山,,一般道（県道以上）との接続,三方岩岳:1.27km,PK-w1125965945(19m),"fee=白山白川郷ホワイトロード 普通車 片道1,700円; season=2026年度は6月12日に開通（白山白川郷ホワイトロード）; opening_hours=通行時間は時期で変わる（2026年9月時点の表示は8時〜17時入場可）; parking=三方岩駐車場（普通車51台・マイクロバス6台）; OSM登山ルート: 三方岩岳",adopted,15,三方岩駐車場から登山道を登れば40分ほどで頂上に着く（石川県）、有料道路の通行時間を過ぎると出られないため、行動時間に注意が必要,"OpenStreetMap（© OpenStreetMap contributors, ODbL 1.0）Geofabrik japan-latest.osm.pbf 2026-09-30T20:22:42Z node/1294092512（登山道と道路の接続点） ｜ 公式情報: https://hs-whiteroad.jp/ ｜ 公式情報: https://hs-whiteroad.jp/spot/sanpou.php ｜ 公式情報: https://www.hot-ishikawa.jp/spot/detail_5496.html",2026-09-20
TH-n1295207226,trailhead,飛越新道登山口,36.416778,137.4348977,WGS84,298,黒部五郎岳,,日本百名山|日本二百名山|日本三百名山|東海の百山,飛越新道コース,一般道（県道以上）との接続,黒部五郎岳:14.43km,,,adopted,30,,"OpenStreetMap（© OpenStreetMap contributors, ODbL 1.0）Geofabrik japan-latest.osm.pbf 2026-09-30T20:22:42Z node/1295207226（登山道と道路の接続点） ｜ 国土地理院 地名検索「飛越新道登山口」（36.417528, 137.435729、JGD2011、111m差）確認",
TH-n1295320514,trailhead,（名称未確認）,36.4022942,137.4594575,WGS84,285,薬師岳,,日本百名山|日本二百名山|日本三百名山,,道路の終点付近,薬師岳:15.63km,,,candidate,30,名称未確認、林道からの入口（マイカー進入可否を要確認）、公式情報または2情報源での確認が必要,"OpenStreetMap（© OpenStreetMap contributors, ODbL 1.0）Geofabrik japan-latest.osm.pbf 2026-09-30T20:22:42Z node/1295320514（登山道と道路の接続点）",
TH-n1295373392,trailhead,（名称未確認）,36.39744,137.43815,WGS84,298,黒部五郎岳,,日本百名山|日本二百名山|日本三百名山|東海の百山,,一般道（県道以上）との接続,黒部五郎岳:14.18km,,,candidate,30,名称未確認、公式情報または2情報源での確認が必要,"OpenStreetMap（© OpenStreetMap contributors, ODbL 1.0）Geofabrik japan-latest.osm.pbf 2026-09-30T20:22:42Z node/1295373392（登山道と道路の接続点）",
TH-n1328327727,trailhead,（名称未確認）,36.4160929,137.1096,WGS84,292,白木峰,,日本三百名山,,一般道との接続,白木峰:0.24km,,,candidate,30,名称未確認、公式情報または2情報源での確認が必要,"OpenStreetMap（© OpenStreetMap contributors, ODbL 1.0）Geofabrik japan-latest.osm.pbf 2026-09-30T20:22:42Z node/1328327727（登山道と道路の接続点）",
TH-n1328327942,trailhead,（名称未確認）,36.418365,137.107152,WGS84,292,白木峰,,日本三百名山,,一般道との接続,白木峰:0.57km,,,candidate,30,名称未確認、登山道が道路を横断する地点（途中の入口の可能性）、公式情報または2情報源での確認が必要,"OpenStreetMap（© OpenStreetMap contributors, ODbL 1.0）Geofabrik japan-latest.osm.pbf 2026-09-30T20:22:42Z node/1328327942（登山道と道路の接続点）",
TH-n1332066134,trailhead,（名称未確認）立山駅前バス停付近,36.575614,137.445854,WGS84,278,鍬崎山,,日本三百名山,,林道との接続,鍬崎山:6.42km,PK-w1041514433(455m) BS-kP11-22-16-bs2352(820m),,provisional,30,名称未確認、近くの道路にゲートあり（車両通行止め・季節閉鎖の可能性）、林道からの入口（マイカー進入可否を要確認）、公式情報または2情報源での確認が必要,"OpenStreetMap（© OpenStreetMap contributors, ODbL 1.0）Geofabrik japan-latest.osm.pbf 2026-09-30T20:22:42Z node/1332066134（登山道と道路の接続点）",
TH-n1332066765,trailhead,（名称未確認）森の風立山付近,36.5807157,137.4382291,WGS84,278,鍬崎山,,日本三百名山,,一般道との接続,鍬崎山:7.38km,PK-w1041514435(295m) PK-w1041514410(476m) BS-kP11-22-16-bs2352(685m),,provisional,30,名称未確認、近くの道路にゲートあり（車両通行止め・季節閉鎖の可能性）、公式情報または2情報源での確認が必要,"OpenStreetMap（© OpenStreetMap contributors, ODbL 1.0）Geofabrik japan-latest.osm.pbf 2026-09-30T20:22:42Z node/1332066765（登山道と道路の接続点）",
TH-n1385708256,trailhead,笠新道登山口（新穂高側）,36.3065758,137.5890328,WGS84,286 300 303 313,赤牛岳、三俣蓮華岳、双六岳、笠ヶ岳,,日本二百名山|日本三百名山|甲信越百名山|東海の百山|日本百名山,OSM登山道「笠新道」,登山口（OSMの登山口地物）,赤牛岳:24.6km 三俣蓮華岳:14.91km 双六岳:13.22km 笠ヶ岳:6.93km,,registration=岐阜県山岳遭難防止条例により北アルプス・活火山地区は登山届の提出が義務（違反は5万円以下の過料）,adopted,15,岐阜県側の登山口から北アルプス（焼岳を含む）に登る場合は登山届の提出が必要（岐阜県）、新穂高センターに登山ポストがある（高山市）,"OpenStreetMap（© OpenStreetMap contributors, ODbL 1.0）Geofabrik japan-latest.osm.pbf 2026-09-30T20:22:42Z node/1385708256 ｜ 国土地理院ベクトルタイル提供実験 地理院地図の徒歩道の起点（36.306464, 137.589048、JGD2011、12m差）2026-10-01確認 ｜ 公式情報: https://www.pref.gifu.lg.jp/page/11975.html ｜ 公式情報: https://www.pref.gifu.lg.jp/page/114962.html",2026-09-20
TH-n1385714847,trailhead,（名称未確認）,36.3203553,137.5972534,WGS84,297 298 300 303 313,鷲羽岳、黒部五郎岳、三俣蓮華岳、双六岳、笠ヶ岳,,日本百名山|日本二百名山|日本三百名山|甲信越百名山|東海の百山,OSM登山道「小池新道」,道路の終点付近,鷲羽岳:12.9km 黒部五郎岳:15.82km 三俣蓮華岳:10.77km 双六岳:9.08km 笠ヶ岳:12.53km,,,candidate,30,名称未確認、林道からの入口（マイカー進入可否を要確認）、公式情報または2情報源での確認が必要,"OpenStreetMap（© OpenStreetMap contributors, ODbL 1.0）Geofabrik japan-latest.osm.pbf 2026-09-30T20:22:42Z node/1385714847（登山道と道路の接続点）",
TH-n1412324140,trailhead,（名称未確認）黒部ケーブルカー付近,36.5639825,137.657286,WGS84,268 270 274,剱岳、奥大日岳、立山,,日本百名山|日本二百名山|日本三百名山,OSM登山道「かんぱ谷橋」、OSM登山道「湖畔遊歩道コース」,索道駅,剱岳:14.8km 奥大日岳:13.03km 立山:8.19km,BS-n2619428773(884m),,provisional,30,名称未確認、公式情報または2情報源での確認が必要,"OpenStreetMap（© OpenStreetMap contributors, ODbL 1.0）Geofabrik japan-latest.osm.pbf 2026-09-30T20:22:42Z node/1412324140（登山道と道路の接続点） ｜ 国土地理院 地名検索「黒部湖駅」（36.566421, 137.658330、JGD2011、285m差）2026-09-20確認",2026-09-20
TH-n1412327567,trailhead,（名称未確認）,36.569749,137.6656464,WGS84,274,立山,,日本百名山|日本二百名山|日本三百名山,,道路の終点付近,立山:9.73km,BS-n2619428773(305m),OSM登山ルート: 水平歩道,provisional,30,名称未確認、林道からの入口（マイカー進入可否を要確認）、公式情報または2情報源での確認が必要,"OpenStreetMap（© OpenStreetMap contributors, ODbL 1.0）Geofabrik japan-latest.osm.pbf 2026-09-30T20:22:42Z node/1412327567（登山道と道路の接続点）",
TH-n1412330520,trailhead,室堂ターミナル（立山・剱岳方面）,36.5769504,137.5965134,WGS84,268 270 274,剱岳、奥大日岳、立山,,日本百名山|日本二百名山|日本三百名山,別山尾根コース、室堂〜一ノ越コース、立山三山周回,一般道との接続,剱岳:7.41km 奥大日岳:5.38km 立山:3.01km,PK-w689102523(52m) PK-w197896240(112m) PK-w689102525(273m) BS-kP11-22-16-bs2414(105m) BS-kP11-22-16-bs2414(105m) BS-kP11-22-16-bs2414(105m),registration=富山県登山届条例により登山届が必要,adopted,15,富山県登山届条例により、危険地区への入山には登山届が必要（岐阜県の資料）,"OpenStreetMap（© OpenStreetMap contributors, ODbL 1.0）Geofabrik japan-latest.osm.pbf 2026-09-30T20:22:42Z node/1412330520（登山道と道路の接続点） ｜ 公式情報: https://chubu.env.go.jp/blog/2022/03/post-1241.html ｜ 公式情報: https://www.pref.gifu.lg.jp/uploaded/attachment/25115.pdf",2026-09-20
TH-n1414061570,trailhead,（名称未確認）,36.729428,137.552821,WGS84,257,毛勝山,,日本二百名山|日本三百名山,,一般道との接続,毛勝山:5.37km,,,candidate,30,名称未確認、公式情報または2情報源での確認が必要,"OpenStreetMap（© OpenStreetMap contributors, ODbL 1.0）Geofabrik japan-latest.osm.pbf 2026-09-30T20:22:42Z node/1414061570（登山道と道路の接続点）",
TH-n1414594714,trailhead,（名称未確認）下山坂無バス停付近,35.923164,136.619141,WGS84,358,荒島岳,,日本百名山|日本二百名山|日本三百名山,,道路の終点付近,荒島岳:3.73km,BS-kP11-22-18-bs2402(693m),,provisional,30,名称未確認、林道からの入口（マイカー進入可否を要確認）、公式情報または2情報源での確認が必要,"OpenStreetMap（© OpenStreetMap contributors, ODbL 1.0）Geofabrik japan-latest.osm.pbf 2026-09-30T20:22:42Z node/1414594714（登山道と道路の接続点）",
TH-n1414609605,trailhead,勝原登山口（荒島岳）,35.963263,136.6038287,WGS84,358,荒島岳,,日本百名山|日本二百名山|日本三百名山,,公式情報による登山口,,BS-kP11-22-18-bs2038(568m) BS-kP11-22-18-bs2068(664m) BS-kP11-22-18-bs2042(894m),parking=登り口は旧カドハラスキー場。駐車場・トイレあり（大野市）,adopted,50,公式情報の登山口と、地理院地図で徒歩道が道路から始まる位置（0m差）が一致、勝原登山口・中出登山口の公衆トイレは2026年4月7日に再開した（大野市）、JR越美北線勝原駅から徒歩10分、北陸自動車道福井ICから車で約1時間10分（大野市）、勝原コースは登り3時間30分・下り2時間30分（大野市）,"OSM node/1414609605（2026-09-20時点の候補座標） ｜ 公式情報: https://www.city.ono.fukui.jp/kanko/kanko-joho/guide/arashimadake.html ｜ 国土地理院ベクトルタイル提供実験 地理院地図の徒歩道の起点（35.963266, 136.603831、JGD2011、0m差）2026-09-21確認",2026-09-20
TH-n1587179228,trailhead,（名称未確認）,36.51264,136.767802,WGS84,281,医王山,,日本三百名山,,一般道との接続,医王山:3.18km,,,candidate,30,名称未確認、公式情報または2情報源での確認が必要,"OpenStreetMap（© OpenStreetMap contributors, ODbL 1.0）Geofabrik japan-latest.osm.pbf 2026-09-30T20:22:42Z node/1587179228（登山道と道路の接続点）",
TH-n1587187667,trailhead,（名称未確認）第5ペアリフト付近,36.517954,136.799609,WGS84,281,医王山,,日本三百名山,,索道駅,医王山:0.7km,,,candidate,30,名称未確認、公式情報または2情報源での確認が必要,"OpenStreetMap（© OpenStreetMap contributors, ODbL 1.0）Geofabrik japan-latest.osm.pbf 2026-09-30T20:22:42Z node/1587187667（登山道と道路の接続点）",
TH-n1596020186,trailhead,扇沢駅（立山黒部アルペンルート長野県側）,36.560716,137.7300548,WGS84,263 267 273 279,五竜岳、鹿島槍ヶ岳、爺ヶ岳中峰、針ノ木岳,,日本百名山|日本二百名山|日本三百名山|甲信越百名山,OSM登山道「柏原新道」,登山口（OSMの登山口地物）,五竜岳:15.26km 鹿島槍ヶ岳:10.67km 爺ヶ岳中峰:6.06km 針ノ木岳:13.58km,PK-w1240329796(86m) PK-w1240329573(103m) PK-w1240333844(324m) BS-kP11-22-20-bs2536(803m) BS-n6834209693(839m) BS-n6834209694(843m),,adopted,15,扇沢駅は立山黒部アルペンルートの長野県側の玄関口（大町市観光協会）,"OpenStreetMap（© OpenStreetMap contributors, ODbL 1.0）Geofabrik japan-latest.osm.pbf 2026-09-30T20:22:42Z node/1596020186 ｜ 公式情報: https://kanko-omachi.gr.jp/parking/",2026-09-20
TH-n1596158973,trailhead,（名称未確認）,36.436623,137.684427,WGS84,290 291 297,野口五郎岳、水晶岳、鷲羽岳,,日本三百名山|甲信越百名山|日本百名山|日本二百名山,,道路の終点付近,野口五郎岳:12.12km 水晶岳:14.49km 鷲羽岳:15.77km,,,candidate,30,名称未確認、林道からの入口（マイカー進入可否を要確認）、公式情報または2情報源での確認が必要,"OpenStreetMap（© OpenStreetMap contributors, ODbL 1.0）Geofabrik japan-latest.osm.pbf 2026-09-30T20:22:42Z node/1596158973（登山道と道路の接続点）",
TH-n1596176617,trailhead,（名称未確認）,36.4769582,137.6848168,WGS84,283 290 291 297,烏帽子岳、野口五郎岳、水晶岳、鷲羽岳,,日本二百名山|日本三百名山|甲信越百名山|日本百名山,,一般道との接続,烏帽子岳:4.66km 野口五郎岳:8.62km 水晶岳:13.21km 鷲羽岳:14.5km,,,candidate,30,名称未確認、公式情報または2情報源での確認が必要,"OpenStreetMap（© OpenStreetMap contributors, ODbL 1.0）Geofabrik japan-latest.osm.pbf 2026-09-30T20:22:42Z node/1596176617（登山道と道路の接続点）",
TH-n1596195211,trailhead,七倉（烏帽子岳・蓮華岳・北葛岳登山口）,36.4935261,137.722953,WGS84,279 280 283 286,針ノ木岳、蓮華岳、烏帽子岳、赤牛岳,,日本二百名山|日本三百名山|甲信越百名山,,登山口（OSMの登山口地物）,針ノ木岳:10.22km 蓮華岳:8.29km 烏帽子岳:11.78km 赤牛岳:20.1km,PK-w630234122(191m),"restriction=七倉ゲート前から高瀬ダムまでは特定タクシー（約15分・4人乗り2,700円）か徒歩で通行する（大町市観光協会）",adopted,15,近くの道路にゲートあり（車両通行止め・季節閉鎖の可能性）、七倉は烏帽子岳・蓮華岳などの入下山口で、裏銀座コースの起点にあたる（大町市観光協会）、長野県登山安全条例の指定登山道では登山計画書の提出が必要、七倉山荘前に公衆トイレがある。混雑時は七倉ダム下広場駐車場を利用する（大町市観光協会）,"OpenStreetMap（© OpenStreetMap contributors, ODbL 1.0）Geofabrik japan-latest.osm.pbf 2026-09-30T20:22:42Z node/1596195211 ｜ 国土地理院ベクトルタイル提供実験 地理院地図の徒歩道の起点（36.493526, 137.722957、JGD2011、0m差）2026-10-01確認 ｜ 公式情報: https://kanko-omachi.gr.jp/spot/tozanguchi3/ ｜ 公式情報: https://www.pref.nagano.lg.jp/kankoki/tozanjorei/tozanjorei.html",2026-09-20
TH-n1662266952,trailhead,（名称未確認）,35.500348,135.4657,WGS84,448,青葉山,,関西百名山,,一般道との接続,青葉山:2.27km,,,candidate,30,名称未確認、公式情報または2情報源での確認が必要,"OpenStreetMap（© OpenStreetMap contributors, ODbL 1.0）Geofabrik japan-latest.osm.pbf 2026-09-30T20:22:42Z node/1662266952（登山道と道路の接続点）",
TH-n1736024133,trailhead,（名称未確認）,35.49723,135.475428,WGS84,448,青葉山,,関西百名山,,道路の終点付近,青葉山:1.83km,PK-w831018878(429m),,provisional,30,名称未確認、林道からの入口（マイカー進入可否を要確認）、公式情報または2情報源での確認が必要,"OpenStreetMap（© OpenStreetMap contributors, ODbL 1.0）Geofabrik japan-latest.osm.pbf 2026-09-30T20:22:42Z node/1736024133（登山道と道路の接続点）",
TH-n1742287772,trailhead,（名称未確認）,35.3675189,135.6703135,WGS84,496,八ヶ峰,,関西百名山,,林道との接続,八ヶ峰:1.38km,,,candidate,30,名称未確認、林道からの入口（マイカー進入可否を要確認）、公式情報または2情報源での確認が必要,"OpenStreetMap（© OpenStreetMap contributors, ODbL 1.0）Geofabrik japan-latest.osm.pbf 2026-09-30T20:22:42Z node/1742287772（登山道と道路の接続点）",
TH-n1910978564,trailhead,白出小屋,36.2991652,137.6121712,WGS84,286 300 303 305 308 317 318 319 324,赤牛岳、三俣蓮華岳、双六岳、大天井岳、槍ヶ岳、奥穂高岳、蝶ヶ岳、西穂独標、焼岳,,日本二百名山|日本三百名山|甲信越百名山|東海の百山|日本百名山,,施設（山小屋・宿・キャンプ場）からの入口,赤牛岳:24.33km 三俣蓮華岳:14.64km 双六岳:12.95km 大天井岳:15.66km 槍ヶ岳:7.49km 奥穂高岳:4.33km 蝶ヶ岳:14.7km 西穂独標:7.28km 焼岳:14.07km,,,provisional,15,公式情報または2情報源での確認が必要,"OpenStreetMap（© OpenStreetMap contributors, ODbL 1.0）Geofabrik japan-latest.osm.pbf 2026-09-30T20:22:42Z node/1910978564",
TH-n2045559100,trailhead,野坂いこいの森（野坂岳登山口）,35.608421,136.03022,WGS84,428,野坂岳,,関西百名山,,一般道との接続,野坂岳:2.72km,,course=登山口から山頂まで登り2時間30分、下り1時間30分（敦賀市）; parking=駐車場・トイレあり。登山口より先にトイレはない（敦賀市）; access=JR小浜線粟野駅から徒歩40分（敦賀市）,adopted,15,,"OpenStreetMap（© OpenStreetMap contributors, ODbL 1.0）Geofabrik japan-latest.osm.pbf 2026-09-30T20:22:42Z node/2045559100（登山道と道路の接続点） ｜ 公式情報: https://www.city.tsuruga.lg.jp/page/1775.html ｜ 敦賀市の案内の登山口の位置図（35°36'30.5""N 136°01'46.7""E = 35.608472, 136.029639）。地理院地図の車道の終点で徒歩道が始まる位置（35.608338, 136.030059）から40m 2026-09-26確認",2026-09-26
TH-n2052124535,trailhead,（名称未確認）,36.3215856,136.8362235,WGS84,304 311,大門山、大笠山,,日本三百名山,,一般道との接続,大門山:12.14km 大笠山:5.23km,,,candidate,30,名称未確認、公式情報または2情報源での確認が必要,"OpenStreetMap（© OpenStreetMap contributors, ODbL 1.0）Geofabrik japan-latest.osm.pbf 2026-09-30T20:22:42Z node/2052124535（登山道と道路の接続点）",
TH-n2052127051,trailhead,（名称未確認）,36.347359,137.03055,WGS84,301,金剛堂山,,日本二百名山|日本三百名山,,一般道との接続,金剛堂山:4.74km,,,candidate,30,名称未確認、近くの道路にゲートあり（車両通行止め・季節閉鎖の可能性）、公式情報または2情報源での確認が必要、栃谷登山口（南砺市利賀村）は北陸自動車道砺波ICから車で約1時間、山頂まで約2時間半、駐車場あり（南砺市観光協会）、この地点がどの登山口かは未確認,"OpenStreetMap（© OpenStreetMap contributors, ODbL 1.0）Geofabrik japan-latest.osm.pbf 2026-09-30T20:22:42Z node/2052127051（登山道と道路の接続点） ｜ 公式情報: https://www.tabi-nanto.jp/archives/2051",2026-09-20
TH-n2052131125,trailhead,ブナオ峠,36.3726543,136.8237075,WGS84,304 311,大門山、大笠山,,日本三百名山,,峠（道路との接続）,大門山:2.24km 大笠山:8.81km,,,adopted,30,登山道が道路を横断する地点（途中の入口の可能性）,"OpenStreetMap（© OpenStreetMap contributors, ODbL 1.0）Geofabrik japan-latest.osm.pbf 2026-09-30T20:22:42Z node/2052131125（登山道と道路の接続点） ｜ 国土地理院 地名検索「ブナオ峠」（36.372634, 136.823870、JGD2011、15m差）2026-09-20確認",2026-09-20
TH-n2052137540,trailhead,栃谷登山口（金剛堂山）,36.407295,137.029198,WGS84,301,金剛堂山,,日本二百名山|日本三百名山,,一般道との接続,金剛堂山:5.23km,BS-kP11-22-16-bs2867(894m),"course=金剛堂山（栃谷登山口）は往復で体力度3・技術的難易度B、コースタイム5.2時間、距離12.5km、登り下りとも累積1,220m、起点の標高778m、中金剛1,650m（富山県 山のグレーディング）; parking=栃谷登山口に駐車場あり（南砺市観光協会）",adopted,15,栃谷登山口（南砺市利賀村）へは北陸自動車道砺波ICから車で約1時間、山頂まで約2時間半（南砺市観光協会）,"OpenStreetMap（© OpenStreetMap contributors, ODbL 1.0）Geofabrik japan-latest.osm.pbf 2026-09-30T20:22:42Z node/2052137540（登山道と道路の接続点） ｜ 公式情報: https://www.pref.toyama.jp/1709/kurashi/sportsleisure/tozan/kj00021724/index.html ｜ 公式情報: https://www.pref.toyama.jp/documents/8174/01399294r08.pdf ｜ 公式情報: https://www.tabi-nanto.jp/archives/2051 ｜ 国土地理院ベクトルタイル提供実験 地理院地図の徒歩道が道路から始まる位置（36.407218, 137.029189、8m差）2026-09-23確認 ｜ 国土地理院 標高API（36.407290, 137.029200）775m。富山県の起点標高778mと一致 2026-09-23確認",2026-09-23
TH-n2055503339,trailhead,横谷峠,36.4913717,136.8026298,WGS84,281,医王山,,日本三百名山,,峠（道路との接続）,医王山:3.31km,,,adopted,30,,"OpenStreetMap（© OpenStreetMap contributors, ODbL 1.0）Geofabrik japan-latest.osm.pbf 2026-09-30T20:22:42Z node/2055503339（登山道と道路の接続点） ｜ 国土地理院 地名検索「横谷峠」（36.490126, 136.802621、JGD2011、138m差）2026-09-20確認",2026-09-20
TH-n2349487826,trailhead,別当出合（白山 砂防新道・観光新道登山口）,36.1250679,136.7397961,WGS84,333,白山,,日本百名山|日本二百名山|日本三百名山|東海の百山,砂防新道↑観光新道↓,一般道（県道以上）との接続,白山:5.79km,PK-w1125834663(202m) PK-n2430652665(257m) PK-w1125834662(270m) BS-n3724829800(23m),restriction=市ノ瀬〜別当出合（約6km）はピーク時マイカー規制（2026年度は7月4日〜10月12日）; parking=市ノ瀬 約560台、別当出合 約200台; bus=規制期間中は市ノ瀬からシャトルバス,adopted,15,白山国立公園の自然保護・混雑緩和・安全確保のためマイカー規制が行われる（石川県）、別当出合駐車場では事前予約制の社会実験が行われたことがある（環境省）,"OpenStreetMap（© OpenStreetMap contributors, ODbL 1.0）Geofabrik japan-latest.osm.pbf 2026-09-30T20:22:42Z node/2349487826（登山道と道路の接続点） ｜ 公式情報: https://www.pref.ishikawa.lg.jp/hakusan/tozaninf/peak2.html ｜ 公式情報: https://www.pref.ishikawa.lg.jp/hakusan/tozaninf/documents/r8_koutuukisei.pdf ｜ 公式情報: https://www.city.hakusan.lg.jp/kanko/kankojyoho/1006571/1003499.html ｜ 公式情報: https://chubu.env.go.jp/press_00057.html",2026-09-20
TH-n2349511612,trailhead,（名称未確認）,36.227114,136.761482,WGS84,333,白山,,日本百名山|日本二百名山|日本三百名山|東海の百山,OSM登山道「岩間道」,一般道（県道以上）との接続,白山:10.29km,,OSM登山ルート: Iwama Hutt Rottenburo,candidate,30,名称未確認、登山道が道路を横断する地点（途中の入口の可能性）、公式情報または2情報源での確認が必要,"OpenStreetMap（© OpenStreetMap contributors, ODbL 1.0）Geofabrik japan-latest.osm.pbf 2026-09-30T20:22:42Z node/2349511612（登山道と道路の接続点）",
TH-n2349549730,trailhead,（名称未確認）,36.350033,136.737434,WGS84,304 311,大門山、大笠山,,日本三百名山,,一般道との接続,大門山:9.77km 大笠山:8.54km,,,candidate,30,名称未確認、公式情報または2情報源での確認が必要,"OpenStreetMap（© OpenStreetMap contributors, ODbL 1.0）Geofabrik japan-latest.osm.pbf 2026-09-30T20:22:42Z node/2349549730（登山道と道路の接続点）",
TH-n2430652665,trailhead,Betoh Deai Parking,36.1235488,136.7376289,WGS84,333,白山,,日本百名山|日本二百名山|日本三百名山|東海の百山,砂防新道↑観光新道↓,駐車場・バス停（林道・車道を経由して登山道へ）,白山:5.71km,PK-n2430652665(0m) PK-w1125834662(15m) PK-w1125834663(60m) BS-n3724829800(235m),,provisional,15,林道からの入口（マイカー進入可否を要確認）、公式情報または2情報源での確認が必要,"OpenStreetMap（© OpenStreetMap contributors, ODbL 1.0）Geofabrik japan-latest.osm.pbf 2026-09-30T20:22:42Z node/2430652665 ｜ OpenStreetMap（© OpenStreetMap contributors, ODbL 1.0）Geofabrik japan-latest.osm.pbf 2026-09-30T20:22:42Z node/2349488110（登山道と道路の接続点）",
TH-n2619428773,trailhead,黒部ダム,36.5670625,137.666413,WGS84,268 270 274,剱岳、奥大日岳、立山,,日本百名山|日本二百名山|日本三百名山,,駐車場・バス停（林道・車道を経由して登山道へ）,剱岳:12.68km 奥大日岳:14.27km 立山:10.03km,BS-n2619428773(0m),OSM登山ルート: 水平歩道,provisional,15,林道からの入口（マイカー進入可否を要確認）、公式情報または2情報源での確認が必要,"OpenStreetMap（© OpenStreetMap contributors, ODbL 1.0）Geofabrik japan-latest.osm.pbf 2026-09-30T20:22:42Z node/2619428773 ｜ OpenStreetMap（© OpenStreetMap contributors, ODbL 1.0）Geofabrik japan-latest.osm.pbf 2026-09-30T20:22:42Z node/1412327567（登山道と道路の接続点） ｜ 国土地理院 地名検索「黒部ダム駅」（36.566899, 137.666465、JGD2011、19m差）2026-09-20確認",2026-09-20
TH-n294459369,trailhead,（名称未確認）栂の木台駐車場付近,36.2623033,136.8318231,WGS84,320,三方岩岳,,日本三百名山,,一般道（県道以上）との接続,三方岩岳:1.61km,PK-w1370011477(41m),,provisional,30,名称未確認、公式情報または2情報源での確認が必要,"OpenStreetMap（© OpenStreetMap contributors, ODbL 1.0）Geofabrik japan-latest.osm.pbf 2026-09-30T20:22:42Z node/294459369（登山道と道路の接続点）",
TH-n294460444,trailhead,（名称未確認）白川郷展望台駐車場付近,36.2607884,136.8643643,WGS84,320,三方岩岳,,日本三百名山,,一般道（県道以上）との接続,三方岩岳:2.31km,PK-w1125964886(32m),,provisional,30,名称未確認、公式情報または2情報源での確認が必要,"OpenStreetMap（© OpenStreetMap contributors, ODbL 1.0）Geofabrik japan-latest.osm.pbf 2026-09-30T20:22:42Z node/294460444（登山道と道路の接続点）",
TH-n3152446976,trailhead,とうみ第１ペア,36.6635521,137.8317427,WGS84,260 263 267,唐松岳、五竜岳、鹿島槍ヶ岳,,日本三百名山|甲信越百名山|日本百名山|日本二百名山,,索道駅（ロープウェイ・ゴンドラ）,唐松岳:12.4km 五竜岳:10.28km 鹿島槍ヶ岳:14.75km,PK-w700439945(309m) PK-w700439943(416m) PK-n6577768194(480m),,provisional,15,公式情報または2情報源での確認が必要,"OpenStreetMap（© OpenStreetMap contributors, ODbL 1.0）Geofabrik japan-latest.osm.pbf 2026-09-30T20:22:42Z node/3152446976",
TH-n3152446978,trailhead,とうみ第２ペア,36.6644536,137.8245008,WGS84,260 267,唐松岳、鹿島槍ヶ岳,,日本三百名山|甲信越百名山|日本百名山|日本二百名山,,索道駅（ロープウェイ・ゴンドラ）,唐松岳:11.7km 鹿島槍ヶ岳:14.05km,,,provisional,15,公式情報または2情報源での確認が必要,"OpenStreetMap（© OpenStreetMap contributors, ODbL 1.0）Geofabrik japan-latest.osm.pbf 2026-09-30T20:22:42Z node/3152446978",
TH-n3152446989,trailhead,アルプス第４ペア,36.6610664,137.818653,WGS84,260 263 267,唐松岳、五竜岳、鹿島槍ヶ岳,,日本三百名山|甲信越百名山|日本百名山|日本二百名山,,索道駅（ロープウェイ・ゴンドラ）,唐松岳:10.3km 五竜岳:8.18km 鹿島槍ヶ岳:12.65km,,,provisional,15,公式情報または2情報源での確認が必要,"OpenStreetMap（© OpenStreetMap contributors, ODbL 1.0）Geofabrik japan-latest.osm.pbf 2026-09-30T20:22:42Z node/3152446989",
TH-n3152446990,trailhead,アルプス第４ペア,36.6591679,137.8110674,WGS84,253 260 263 267,鑓ヶ岳、唐松岳、五竜岳、鹿島槍ヶ岳,,甲信越百名山|日本三百名山|日本百名山|日本二百名山,,索道駅（ロープウェイ・ゴンドラ）,鑓ヶ岳:15.25km 唐松岳:9.12km 五竜岳:7.0km 鹿島槍ヶ岳:11.47km,,,provisional,15,公式情報または2情報源での確認が必要,"OpenStreetMap（© OpenStreetMap contributors, ODbL 1.0）Geofabrik japan-latest.osm.pbf 2026-09-30T20:22:42Z node/3152446990",
TH-n4494151189,trailhead,（名称未確認）,36.0644346,136.5980249,WGS84,343,経ヶ岳,,日本三百名山,,索道駅（ロープウェイ・ゴンドラ）,経ヶ岳:4.22km,,,provisional,15,名称未確認、公式情報または2情報源での確認が必要,"OpenStreetMap（© OpenStreetMap contributors, ODbL 1.0）Geofabrik japan-latest.osm.pbf 2026-09-30T20:22:42Z node/4494151189",
TH-n4494151191,trailhead,（名称未確認）,36.0643877,136.5937812,WGS84,343,経ヶ岳,,日本三百名山,OSM登山道「法恩寺山登山道」,索道駅（ロープウェイ・ゴンドラ）,経ヶ岳:4.7km,,,provisional,15,名称未確認、公式情報または2情報源での確認が必要,"OpenStreetMap（© OpenStreetMap contributors, ODbL 1.0）Geofabrik japan-latest.osm.pbf 2026-09-30T20:22:42Z node/4494151191",
TH-n4511128182,trailhead,第５ペア,36.6198192,137.8299935,WGS84,260 263,唐松岳、五竜岳,,日本三百名山|甲信越百名山|日本百名山|日本二百名山,,索道駅（ロープウェイ・ゴンドラ）,唐松岳:14.24km 五竜岳:12.12km,,,provisional,15,公式情報または2情報源での確認が必要,"OpenStreetMap（© OpenStreetMap contributors, ODbL 1.0）Geofabrik japan-latest.osm.pbf 2026-09-30T20:22:42Z node/4511128182",
TH-n4730366636,trailhead,折立（薬師岳・北ノ俣岳登山口）,36.4824671,137.475043,WGS84,285 286 298 291 297,薬師岳、赤牛岳、黒部五郎岳、水晶岳、鷲羽岳,,日本百名山|日本二百名山|日本三百名山|東海の百山|甲信越百名山,折立コース、折立（太郎平）コース,施設（山小屋・宿・キャンプ場）からの入口,薬師岳:9.98km 赤牛岳:22.35km 黒部五郎岳:14.85km,PK-w788850758(162m),"fee=林道使用料（2026年4月1日改定、1車両1回）：乗用車などの小型車2,700円・大型車6,600円・自動二輪車等600円; opening_hours=通行可能時間 6:00〜20:00（富山県公安委員会の交通規制）; season=供用期間は毎年度決定。過去は6月上旬〜11月12日（2025年度は6月4日〜11月12日）で、それ以外は通行できない",adopted,15,折立へは有料の有峰林道を通る。通行時間が6:00〜20:00に規制されている（富山県）,"OpenStreetMap（© OpenStreetMap contributors, ODbL 1.0）Geofabrik japan-latest.osm.pbf 2026-09-30T20:22:42Z node/4730366636 ｜ 公式情報: https://www.pref.toyama.jp/1603/kendodukuri/shinrinkasen/shinrin/kj00009876/kj00009876-001-01.html ｜ 公式情報: https://www.arimine.net/toll_road.html",2026-09-20
TH-n4937569265,trailhead,（名称未確認）,36.5607408,137.4344695,WGS84,278,鍬崎山,,日本三百名山,,索道駅（ロープウェイ・ゴンドラ）,鍬崎山:5.19km,,,provisional,15,名称未確認、公式情報または2情報源での確認が必要,"OpenStreetMap（© OpenStreetMap contributors, ODbL 1.0）Geofabrik japan-latest.osm.pbf 2026-09-30T20:22:42Z node/4937569265",
TH-n5799563005,trailhead,（名称未確認）,36.3881093,137.0836083,WGS84,292,白木峰,,日本三百名山,,一般道との接続,白木峰:5.14km,,restriction=林道八尾大谷線は大規模崩落のため「21世紀の森杉ヶ平キャンプ場」から先は車両進入禁止,candidate,30,名称未確認、公式情報または2情報源での確認が必要、林道八尾大谷線の大規模崩落により、杉ヶ平キャンプ場より先は車両で進入できない。復旧には複数年を要する見込み（富山市）、徒歩での登山は可能で、キャンプ場から山頂まで約3時間40分（富山県）、この地点がどの登山口かは未確認,"OpenStreetMap（© OpenStreetMap contributors, ODbL 1.0）Geofabrik japan-latest.osm.pbf 2026-09-30T20:22:42Z node/5799563005（登山道と道路の接続点） ｜ 公式情報: https://www.city.toyama.toyama.jp/norinsuisanbu/norinjimusho/nochirinmuka/shirakimine_guide.html ｜ 公式情報: https://www.info-toyama.com/articles/nissy_shiraki",2026-09-20
TH-n6480019634,trailhead,（名称未確認）下山岡畑バス停付近,35.9201582,136.633534,WGS84,358,荒島岳,,日本百名山|日本二百名山|日本三百名山,,一般道との接続,荒島岳:4.58km,BS-kP11-22-18-bs2398(515m) BS-kP11-22-18-bs2402(670m),,provisional,30,名称未確認、公式情報または2情報源での確認が必要,"OpenStreetMap（© OpenStreetMap contributors, ODbL 1.0）Geofabrik japan-latest.osm.pbf 2026-09-30T20:22:42Z node/6480019634（登山道と道路の接続点） ｜ 国土地理院 地名検索「越前下山駅」（35.920689, 136.634861、JGD2011、133m差）2026-09-20確認",2026-09-20
TH-n6549089208,trailhead,（名称未確認）扇沢駅前バス停付近,36.5602485,137.7141823,WGS84,279 280 283,針ノ木岳、蓮華岳、烏帽子岳,,日本二百名山|日本三百名山|甲信越百名山,,一般道との接続,針ノ木岳:5.35km 蓮華岳:6.13km 烏帽子岳:15.3km,BS-n1596019922(572m) BS-n1596019843(609m) BS-n2474731005(611m),,provisional,30,名称未確認、公式情報または2情報源での確認が必要,"OpenStreetMap（© OpenStreetMap contributors, ODbL 1.0）Geofabrik japan-latest.osm.pbf 2026-09-30T20:22:42Z node/6549089208（登山道と道路の接続点）",
TH-n6698975485,trailhead,（名称未確認）,36.6496437,137.6815988,WGS84,268 274,剱岳、立山,,日本百名山|日本二百名山|日本三百名山,,道路の終点付近,剱岳:13.81km 立山:15.67km,,OSM登山ルート: 水平歩道,candidate,30,名称未確認、公式情報または2情報源での確認が必要,"OpenStreetMap（© OpenStreetMap contributors, ODbL 1.0）Geofabrik japan-latest.osm.pbf 2026-09-30T20:22:42Z node/6698975485（登山道と道路の接続点） ｜ 国土地理院 地名検索「仙人谷」（36.648625, 137.680164、JGD2011、171m差）2026-09-20確認",2026-09-20
TH-n7033680852,trailhead,五波峠（八ヶ峰登山口）,35.3471344,135.6907744,WGS84,496,八ヶ峰,,関西百名山,,峠（道路との接続）,八ヶ峰:2.66km,,,provisional,30,林道上の地点（尾根上の峠・山小屋の可能性。登山口かどうか要確認）、林道からの入口（マイカー進入可否を要確認）、公式情報または2情報源での確認が必要,"OpenStreetMap（© OpenStreetMap contributors, ODbL 1.0）Geofabrik japan-latest.osm.pbf 2026-09-30T20:22:42Z node/7033680852（登山道と道路の接続点） ｜ 国土地理院 地名検索「五波峠」（35.346071, 135.692194、JGD2011、174m差）2026-09-20確認 ｜ 登山記録で広く使われている登山口（登山記録・登山情報サイトで名称と利用を確認。公式情報では未確認） 2026-09-24確認",2026-09-20
TH-n7033680938,trailhead,（名称未確認）,35.3852035,135.6766296,WGS84,496,八ヶ峰,,関西百名山,,一般道（県道以上）との接続,八ヶ峰:4.42km,,,candidate,30,名称未確認、公式情報または2情報源での確認が必要,"OpenStreetMap（© OpenStreetMap contributors, ODbL 1.0）Geofabrik japan-latest.osm.pbf 2026-09-30T20:22:42Z node/7033680938（登山道と道路の接続点）",
TH-n711976080,trailhead,（名称未確認）天狗平バス停付近,36.580381,137.5810353,WGS84,268 270 274,剱岳、奥大日岳、立山,,日本百名山|日本二百名山|日本三百名山,,一般道（県道以上）との接続,剱岳:8.66km 奥大日岳:6.63km 立山:4.5km,BS-kP11-22-16-bs2372(172m) BS-kP11-22-16-bs2372(172m) BS-kP11-22-16-bs2372(172m),,provisional,30,名称未確認、登山道が道路を横断する地点（途中の入口の可能性）、公式情報または2情報源での確認が必要,"OpenStreetMap（© OpenStreetMap contributors, ODbL 1.0）Geofabrik japan-latest.osm.pbf 2026-09-30T20:22:42Z node/711976080（登山道と道路の接続点）",
TH-n7537979674,trailhead,（名称未確認）,35.4960815,135.4880286,WGS84,448,青葉山,,関西百名山,,一般道との接続,青葉山:1.46km,,,candidate,30,名称未確認、公式情報または2情報源での確認が必要,"OpenStreetMap（© OpenStreetMap contributors, ODbL 1.0）Geofabrik japan-latest.osm.pbf 2026-09-30T20:22:42Z node/7537979674（登山道と道路の接続点）",
TH-n843225206,trailhead,八原登山口（八ヶ峰 知井坂コース）,35.3467127,135.6524843,WGS84,496,八ヶ峰,,関西百名山,,一般道（県道以上）との接続,八ヶ峰:2.49km,BS-kP11-22-26-bs889(675m),,provisional,30,公式情報または2情報源での確認が必要,"OpenStreetMap（© OpenStreetMap contributors, ODbL 1.0）Geofabrik japan-latest.osm.pbf 2026-09-30T20:22:42Z node/843225206（登山道と道路の接続点） ｜ 登山記録で広く使われている登山口（登山記録・登山情報サイトで名称と利用を確認。公式情報では未確認） 2026-09-24確認",
TH-osm-n14053573621,trailhead,大谷原登山口（鹿島槍ヶ岳 赤岩尾根）,36.604097,137.799994,WGS84,267,鹿島槍ヶ岳,,日本百名山|日本二百名山|日本三百名山|甲信越百名山,赤岩尾根コース,登山記録で広く使われている登山口,,PK-n14053506401(13m) PK-n14051673409(51m),,provisional,30,,"OpenStreetMap（© OpenStreetMap contributors, ODbL 1.0）node/14053573621（highway=trailhead「大谷原登山口」） 2026-09-25確認 ｜ 登山記録で広く使われている登山口（登山記録・登山情報サイトで名称と利用を確認。公式情報では未確認） 2026-09-25確認",
TH-osm-n4015710861,trailhead,新穂高センター（新穂高登山指導センター）,36.2835493,137.574918,WGS84,308 317 303 300 298 313 291 297,槍ヶ岳、奥穂高岳、双六岳、三俣蓮華岳、黒部五郎岳、笠ヶ岳、水晶岳、鷲羽岳,,日本百名山|日本二百名山|日本三百名山|甲信越百名山|東海の百山,新穂高（右俣）コース、新穂高（左俣）コース,公式情報による登山口,,PK-w682414088(31m) PK-w448942844(86m) PK-n294508684(278m) BS-kP11-22-21-bs157(20m) BS-kP11-22-21-bs153(241m) BS-kP11-22-21-bs175(817m),"parking=高山市営の新穂高駐車場。第3駐車場（新穂高センターの手前約800mの川沿い）は普通車192台、令和8年10月1日～14日は1日1,000円、その他の期間は無料。第4駐車場（新穂高センターの川向かい、徒歩3分）は予約制の普通車40台、1日2,600円。いずれも5月から10月（令和8年は6月から10月）（高山市）; registration=岐阜県山岳遭難防止条例により北アルプス・活火山地区は登山届の提出が義務（岐阜県）",adopted,50,北アルプスへの登山者は新穂高センター内の登山指導センターで登山届の提出や各種情報を確認のうえ登山を開始する（高山市）,"OpenStreetMap（© OpenStreetMap contributors, ODbL 1.0）node/4015710861（「新穂高センター」）。濃飛バス「新穂高温泉」バス停（国土数値情報 P11-22-21-bs157）から約20m 2026-09-25確認 ｜ 公式情報: https://www.city.takayama.lg.jp/shisetsu/1004139/1023345/1023385.html ｜ 公式情報: https://www.city.takayama.lg.jp/shisetsu/1004139/1023345/1023391.html ｜ 公式情報: https://www.pref.gifu.lg.jp/page/11975.html",2026-09-25
TH-w244361104,trailhead,扇沢駐車場（針ノ木岳・柏原新道方面）,36.559765,137.7227024,WGS84,263 267 273 279,五竜岳、鹿島槍ヶ岳、爺ヶ岳中峰、針ノ木岳,,日本百名山|日本二百名山|日本三百名山|甲信越百名山,OSM登山道「柏原新道」、柏原新道コース,駐車場・バス停（林道・車道を経由して登山道へ）,五竜岳:16.06km 鹿島槍ヶ岳:11.47km 爺ヶ岳中峰:6.86km 針ノ木岳:14.38km,PK-w244361104(0m) PK-w1240333859(41m) PK-w244361095(51m) BS-kP11-22-20-bs2536(139m) BS-n6834209693(188m) BS-n2516859449(192m),"parking=扇沢有料駐車場 350台・12時間1,000円、扇沢市営第一駐車場（無料）170台、第二駐車場（無料）60台（大町市観光協会）; restriction=連休・旧盆は満車になりやすく、公共交通の利用が案内されている",adopted,15,林道からの入口（マイカー進入可否を要確認）、扇沢は針ノ木岳・蓮華岳と、柏原新道（爺ヶ岳・鹿島槍ヶ岳方面）の登山口（大町市観光協会）、長野県登山安全条例の指定登山道では登山計画書の提出が必要,"OpenStreetMap（© OpenStreetMap contributors, ODbL 1.0）Geofabrik japan-latest.osm.pbf 2026-09-30T20:22:42Z way/244361104 ｜ OpenStreetMap（© OpenStreetMap contributors, ODbL 1.0）Geofabrik japan-latest.osm.pbf 2026-09-30T20:22:42Z node/1596020186（登山道と道路の接続点） ｜ 公式情報: https://kanko-omachi.gr.jp/parking/ ｜ 公式情報: https://kanko-omachi.gr.jp/spot/tozanguchi6/ ｜ 公式情報: https://www.pref.nagano.lg.jp/kankoki/tozanjorei/tozanjorei.html",2026-09-20
TH-w309911069,trailhead,高速ペアリフト Line E,36.6615436,137.8111769,WGS84,253 260 263 267,鑓ヶ岳、唐松岳、五竜岳、鹿島槍ヶ岳,,甲信越百名山|日本三百名山|日本百名山|日本二百名山,,索道駅（ロープウェイ・ゴンドラ）,鑓ヶ岳:15.47km 唐松岳:9.33km 五竜岳:7.21km 鹿島槍ヶ岳:11.68km,,,provisional,15,公式情報または2情報源での確認が必要,"OpenStreetMap（© OpenStreetMap contributors, ODbL 1.0）Geofabrik japan-latest.osm.pbf 2026-09-30T20:22:42Z way/309911069（索道の端点 node/3152446970）",
TH-w309911071,trailhead,五竜テレキャビン,36.6635096,137.8145192,WGS84,253 260 263 267,鑓ヶ岳、唐松岳、五竜岳、鹿島槍ヶ岳,,甲信越百名山|日本三百名山|日本百名山|日本二百名山,遠見尾根コース,索道駅（ロープウェイ・ゴンドラ）,鑓ヶ岳:15.81km 唐松岳:9.68km 五竜岳:7.55km 鹿島槍ヶ岳:12.03km,,,provisional,15,公式情報または2情報源での確認が必要,"OpenStreetMap（© OpenStreetMap contributors, ODbL 1.0）Geofabrik japan-latest.osm.pbf 2026-09-30T20:22:42Z way/309911071（索道の端点 node/3152446974）",
TH-w627383022,trailhead,（名称未確認）,36.5719278,137.4478483,WGS84,278,鍬崎山,,日本三百名山,,索道駅（ロープウェイ・ゴンドラ）,鍬崎山:5.87km,,,provisional,15,名称未確認、近くの道路にゲートあり（車両通行止め・季節閉鎖の可能性）、公式情報または2情報源での確認が必要,"OpenStreetMap（© OpenStreetMap contributors, ODbL 1.0）Geofabrik japan-latest.osm.pbf 2026-09-30T20:22:42Z way/627383022（索道の端点 node/5922487526）",
TH-w686758229,trailhead,（名称未確認）ファンタジーペア付近,36.0725386,136.5785913,WGS84,343,経ヶ岳,,日本三百名山,,索道駅（ロープウェイ・ゴンドラ）,経ヶ岳:6.5km,,,provisional,15,名称未確認、公式情報または2情報源での確認が必要,"OpenStreetMap（© OpenStreetMap contributors, ODbL 1.0）Geofabrik japan-latest.osm.pbf 2026-09-30T20:22:42Z way/686758229（索道の端点 node/6437531965）",
TH-w686758229-2,trailhead,（名称未確認）,36.070862,136.5953903,WGS84,343,経ヶ岳,,日本三百名山,,索道駅（ロープウェイ・ゴンドラ）,経ヶ岳:4.75km,,,provisional,15,名称未確認、公式情報または2情報源での確認が必要,"OpenStreetMap（© OpenStreetMap contributors, ODbL 1.0）Geofabrik japan-latest.osm.pbf 2026-09-30T20:22:42Z way/686758229（索道の端点 node/6437531964）",
TH-w697290292,trailhead,グラートクワッドリフト,36.6974059,137.8053701,WGS84,248 253 260 263 267,白馬岳、鑓ヶ岳、唐松岳、五竜岳、鹿島槍ヶ岳,,日本百名山|日本二百名山|日本三百名山|甲信越百名山,,索道駅（ロープウェイ・ゴンドラ）,白馬岳:15.65km 鑓ヶ岳:11.85km 唐松岳:5.72km 五竜岳:9.15km 鹿島槍ヶ岳:13.63km,,,provisional,15,公式情報または2情報源での確認が必要,"OpenStreetMap（© OpenStreetMap contributors, ODbL 1.0）Geofabrik japan-latest.osm.pbf 2026-09-30T20:22:42Z way/697290292（索道の端点 node/6549032698）",
TH-w697290292-2,trailhead,グラートクワッドリフト,36.6969699,137.7992746,WGS84,248 253 260 263 267,白馬岳、鑓ヶ岳、唐松岳、五竜岳、鹿島槍ヶ岳,,日本百名山|日本二百名山|日本三百名山|甲信越百名山,八方尾根（唐松岳経由）コース,索道駅（ロープウェイ・ゴンドラ）,白馬岳:14.91km 鑓ヶ岳:11.12km 唐松岳:4.98km 五竜岳:8.42km 鹿島槍ヶ岳:12.89km,,,provisional,15,公式情報または2情報源での確認が必要,"OpenStreetMap（© OpenStreetMap contributors, ODbL 1.0）Geofabrik japan-latest.osm.pbf 2026-09-30T20:22:42Z way/697290292（索道の端点 node/6549032699）",
